pdb1,chains_pdb1,pdb2,chains_pdb2,CP_MJ3h,AP_dDFIRE,AP_DFIRE2,AP_T1,AP_T2,ELE,VDW,PYDOCK_TOT,SIPPER,AP_PISA,Conf
top_1_A,A,top_1_B,B,-13.48,-15.01,-16.5408,-52.43,-14.74,-7.043,-12.875,-24.81,8.518,-0.173,swarm_19_98.pdb
top_2_A,A,top_2_B,B,-7.22,-15.47,-18.7641,-70.32,-36.22,-4.329,-22.609,-10.122,5.296,-0.1311,swarm_67_132.pdb
top_3_A,A,top_3_B,B,-8.02,-15.94,-18.0198,-58.41,-36.51,-5.606,-37.656,-10.757,6.292,-0.1612,swarm_2_47.pdb
top_4_A,A,top_4_B,B,-11.64,-16.26,-19.6927,-24.45,-17.64,-3.03,5.046,-13.378,7.314,-0.1547,swarm_70_167.pdb
top_5_A,A,top_5_B,B,-9.86,-15.03,-17.2272,-58.01,-36.27,-5.622,-10.679,-23.584,7.216,-0.2217,swarm_67_115.pdb
top_6_A,A,top_6_B,B,-3.02,-10.4,-16.3069,-57.92,-24.8,-6.953,-34.284,-10.735,0.192,-0.039,swarm_71_187.pdb
top_7_A,A,top_7_B,B,-9.56,-14.69,-16.5418,-42.57,-31.68,-0.822,-27.213,-22.329,4.449,-0.219,swarm_65_76.pdb
top_8_A,A,top_8_B,B,-9.14,-14.86,-17.14,-40.49,-17.33,-11.527,-32.357,-26.999,10.159,-0.2359,swarm_68_123.pdb
top_9_A,A,top_9_B,B,-9.5,-13.24,-16.1981,-28.57,-8.36,-6.367,-1.996,-22.008,7.131,-0.2914,swarm_73_83.pdb
top_10_A,A,top_10_B,B,-5.18,-10.5,-14.3735,10.82,8.87,-2.217,36.331,-26.142,4.92,-0.1929,swarm_47_160.pdb
top_11_A,A,top_11_B,B,-6.38,-9.02,-15.9997,-6.55,17.38,-8.969,33.425,-22.625,8.118,-0.0428,swarm_37_105.pdb
top_12_A,A,top_12_B,B,-1.68,-11.62,-16.2839,-9.4,-8.85,-1.914,-7.883,-6.861,1.361,-0.0328,swarm_9_117.pdb
top_13_A,A,top_13_B,B,-2.24,-12.47,-15.6857,-24.76,-4.93,-2.746,-16.592,-18.934,8.606,0.0836,swarm_46_190.pdb
top_14_A,A,top_14_B,B,-9.0,-11.57,-16.929,-25.61,-15.27,-12.348,66.8,-22.64,9.105,-0.2154,swarm_27_144.pdb
top_15_A,A,top_15_B,B,-8.16,-12.34,-14.9612,-11.36,-5.26,-2.37,-0.866,-17.518,8.479,0.0097,swarm_23_90.pdb
top_16_A,A,top_16_B,B,5.76,-6.34,-11.8443,48.55,38.76,-0.916,84.773,7.04,0.521,0.2205,swarm_20_20.pdb
top_17_A,A,top_17_B,B,2.14,-8.57,-15.8887,7.6,10.55,-5.737,-31.117,-4.466,1.106,-0.0411,swarm_63_76.pdb
top_18_A,A,top_18_B,B,-3.84,-13.49,-16.4384,8.08,13.98,-5.305,-11.035,-13.057,3.514,-0.1,swarm_49_158.pdb
top_19_A,A,top_19_B,B,-0.72,-11.67,-16.4521,39.28,45.72,-2.043,-11.744,-2.496,-0.328,-0.0912,swarm_63_67.pdb
top_20_A,A,top_20_B,B,-6.08,-13.83,-16.3602,-37.89,-13.41,-2.142,-14.76,-18.966,6.335,-0.0734,swarm_8_59.pdb
top_21_A,A,top_21_B,B,-5.34,-14.29,-15.3832,-13.36,-5.59,-2.956,-33.093,-15.521,3.09,-0.1236,swarm_63_50.pdb
top_22_A,A,top_22_B,B,2.8,-12.71,-15.2828,-13.35,-9.21,-6.72,-30.931,-14.735,-0.458,0.0001,swarm_9_59.pdb
top_23_A,A,top_23_B,B,-5.26,-13.64,-15.7038,-84.98,-32.94,-8.658,-39.755,-18.477,5.864,-0.2008,swarm_43_165.pdb
top_24_A,A,top_24_B,B,-5.74,-13.18,-15.998,-37.43,-2.11,-10.748,-31.346,-12.506,3.54,-0.1031,swarm_66_139.pdb
top_25_A,A,top_25_B,B,-1.64,-10.94,-15.7385,-51.81,-25.93,-8.433,-30.877,-24.408,4.645,-0.2041,swarm_21_192.pdb
top_26_A,A,top_26_B,B,-1.06,-10.84,-14.2809,-28.71,-14.29,-1.957,-27.341,-11.227,1.406,-0.1203,swarm_49_160.pdb
top_27_A,A,top_27_B,B,-3.2,-14.69,-16.2516,8.98,8.23,-7.815,7.618,-4.786,6.194,-0.1167,swarm_67_23.pdb
top_28_A,A,top_28_B,B,-0.52,-9.16,-12.8991,44.73,29.11,-2.321,55.937,2.056,-2.76,-0.0467,swarm_16_1.pdb
top_29_A,A,top_29_B,B,0.68,-11.16,-15.7527,4.5,-4.08,-1.308,-22.145,-10.092,1.505,-0.0214,swarm_49_159.pdb
top_30_A,A,top_30_B,B,-0.42,-7.52,-14.0098,51.64,44.15,-4.97,2.894,-9.105,-0.4,-0.0385,swarm_47_90.pdb
top_31_A,A,top_31_B,B,2.54,-7.7,-13.4849,1.97,5.21,-6.941,5.778,-18.508,2.284,-0.1146,swarm_31_158.pdb
top_32_A,A,top_32_B,B,-3.3,-8.84,-14.3615,-19.48,-7.1,-5.245,2.638,-15.662,1.798,0.0181,swarm_45_120.pdb
top_33_A,A,top_33_B,B,-1.0,-11.55,-15.2031,-34.89,-2.59,-2.531,-26.226,-12.368,-0.997,-0.1271,swarm_9_28.pdb
top_34_A,A,top_34_B,B,-5.12,-11.61,-14.7584,-19.8,6.23,-8.784,6.968,-25.606,4.251,-0.2622,swarm_77_46.pdb
top_35_A,A,top_35_B,B,-2.56,-10.12,-13.6597,-17.18,-7.0,-3.185,6.81,-21.525,6.825,-0.0584,swarm_73_97.pdb
top_36_A,A,top_36_B,B,2.18,-8.85,-12.6944,34.23,37.63,-4.215,66.044,-0.143,-0.715,-0.0101,swarm_65_145.pdb
top_37_A,A,top_37_B,B,-1.76,-11.2,-16.0273,15.2,17.02,-12.465,26.642,-9.252,5.434,-0.0617,swarm_29_106.pdb
top_38_A,A,top_38_B,B,-9.14,-13.59,-15.7126,-47.44,-23.92,-3.762,4.063,-21.857,7.168,-0.1308,swarm_34_82.pdb
top_39_A,A,top_39_B,B,-6.78,-12.36,-15.7441,-2.69,-12.97,-2.243,-9.948,-18.935,8.545,-0.0652,swarm_23_164.pdb
top_40_A,A,top_40_B,B,-4.32,-8.29,-13.0916,10.64,24.56,-4.483,6.522,-11.623,3.673,-0.0761,swarm_50_42.pdb
top_41_A,A,top_41_B,B,-8.38,-11.87,-14.7316,-28.59,-5.77,-4.855,1.07,-14.786,3.425,-0.1516,swarm_70_117.pdb
top_42_A,A,top_42_B,B,-0.8,-8.93,-13.2457,-22.27,-5.43,-2.236,-12.855,-10.316,3.34,-0.0686,swarm_20_23.pdb
top_43_A,A,top_43_B,B,-1.28,-11.11,-14.2392,-45.1,6.37,-4.52,-26.046,-8.453,1.885,0.0058,swarm_79_183.pdb
top_44_A,A,top_44_B,B,-11.84,-11.72,-14.1688,-35.43,-20.26,-2.948,-5.467,-18.432,7.756,-0.1157,swarm_2_107.pdb
top_45_A,A,top_45_B,B,-0.58,-7.81,-12.4254,-7.28,1.83,-9.116,24.74,-11.048,0.928,-0.2043,swarm_50_11.pdb
top_46_A,A,top_46_B,B,-8.96,-11.93,-14.6098,-32.62,-25.62,-3.5,-19.288,-19.374,4.755,-0.1916,swarm_23_106.pdb
top_47_A,A,top_47_B,B,0.34,-7.57,-13.3612,30.95,22.91,3.373,2.119,7.383,2.403,0.004,swarm_81_7.pdb
top_48_A,A,top_48_B,B,-1.54,-10.04,-13.2709,-20.66,-7.94,-3.405,-2.454,-20.613,3.976,-0.0956,swarm_15_128.pdb
top_49_A,A,top_49_B,B,-1.36,-7.43,-13.3477,22.59,26.52,-0.707,-18.502,-6.464,1.606,-0.0693,swarm_52_4.pdb
top_50_A,A,top_50_B,B,-3.82,-11.25,-14.2363,-11.77,6.27,-10.123,14.033,-13.84,3.492,-0.0783,swarm_23_20.pdb
top_51_A,A,top_51_B,B,-3.72,-9.06,-12.8715,-6.24,0.48,-2.885,-10.342,-15.175,3.404,-0.04,swarm_8_10.pdb
top_52_A,A,top_52_B,B,-0.72,-8.5,-13.0437,11.73,12.56,-5.118,-34.119,-13.223,3.22,0.0454,swarm_20_4.pdb
top_53_A,A,top_53_B,B,-4.8,-10.47,-13.7851,-11.84,6.54,-3.696,24.0,-11.339,3.916,-0.0775,swarm_63_34.pdb
top_54_A,A,top_54_B,B,0.42,-2.97,-9.2467,91.03,66.36,-0.521,99.808,4.731,1.96,0.1685,swarm_64_64.pdb
top_55_A,A,top_55_B,B,-0.42,-8.89,-13.3183,-23.98,-20.38,-3.351,-23.169,-14.581,3.579,-0.0651,swarm_38_151.pdb
top_56_A,A,top_56_B,B,2.08,-9.12,-12.4866,12.21,13.77,-5.801,-26.196,-8.151,2.054,-0.0528,swarm_52_95.pdb
top_57_A,A,top_57_B,B,-2.42,-10.09,-13.7293,-44.3,-21.67,-1.714,-28.815,-11.427,1.852,-0.1005,swarm_71_57.pdb
top_58_A,A,top_58_B,B,-3.2,-9.5,-13.4379,-10.75,-3.71,-1.79,-18.319,-1.963,2.622,-0.0705,swarm_49_16.pdb
top_59_A,A,top_59_B,B,-5.4,-10.03,-13.3157,-21.74,-0.27,-5.372,-16.131,-6.579,0.991,-0.0605,swarm_70_83.pdb
top_60_A,A,top_60_B,B,-2.08,-12.49,-15.3422,-3.04,1.15,-3.853,-16.125,-17.915,1.721,-0.1223,swarm_8_104.pdb
top_61_A,A,top_61_B,B,-1.76,-7.12,-12.5273,-0.94,12.14,-2.145,-1.382,-1.502,0.298,-0.0715,swarm_52_19.pdb
top_62_A,A,top_62_B,B,-1.68,-10.92,-13.3806,-14.11,0.07,-4.562,-17.808,-10.7,1.436,-0.0948,swarm_80_183.pdb
top_63_A,A,top_63_B,B,-2.88,-10.08,-12.0448,18.15,22.57,0.355,-2.034,-6.321,3.371,-0.0792,swarm_50_82.pdb
top_64_A,A,top_64_B,B,0.84,-10.63,-12.5885,-30.67,-6.81,-0.839,-12.248,-10.107,1.613,-0.053,swarm_77_153.pdb
top_65_A,A,top_65_B,B,1.08,-10.75,-12.7272,25.31,25.21,-3.748,16.069,-6.138,-0.619,0.0209,swarm_0_179.pdb
top_66_A,A,top_66_B,B,-2.26,-9.97,-13.4455,-30.39,-17.62,-4.542,-13.652,-10.574,1.84,-0.1106,swarm_37_138.pdb
top_67_A,A,top_67_B,B,-2.28,-9.62,-13.6816,-19.23,-2.6,-5.203,-5.622,-20.485,4.13,-0.1492,swarm_16_116.pdb
top_68_A,A,top_68_B,B,-2.42,-8.19,-12.7365,-13.55,-4.69,-3.212,-14.202,-7.423,-1.146,-0.0229,swarm_12_52.pdb
top_69_A,A,top_69_B,B,-1.6,-7.0,-12.8603,-15.06,5.99,-12.415,16.729,-1.048,4.972,-0.0356,swarm_77_113.pdb
top_70_A,A,top_70_B,B,1.52,-9.62,-13.5472,-12.39,2.01,-6.075,-13.104,-19.243,4.486,0.0145,swarm_81_166.pdb
top_71_A,A,top_71_B,B,-4.72,-9.77,-13.1803,18.17,1.78,-0.94,-5.896,-9.507,2.382,-0.0812,swarm_52_136.pdb
top_72_A,A,top_72_B,B,1.46,-9.7,-13.4057,-5.15,14.8,-2.732,-9.203,-3.482,4.31,-0.0076,swarm_27_77.pdb
top_73_A,A,top_73_B,B,-6.14,-8.31,-12.6554,-8.36,6.34,-11.223,32.582,-17.579,7.162,-0.0931,swarm_7_156.pdb
top_74_A,A,top_74_B,B,1.32,-9.62,-12.9951,-18.07,-15.39,-9.162,-12.208,-12.289,1.197,-0.01,swarm_46_100.pdb
top_75_A,A,top_75_B,B,-4.52,-11.72,-14.8466,-23.9,8.16,-0.09,9.592,-25.746,7.181,-0.1773,swarm_31_198.pdb
top_76_A,A,top_76_B,B,0.5,-8.9,-11.4014,-17.91,-17.69,-6.458,-8.393,-22.276,3.825,-0.1197,swarm_79_121.pdb
top_77_A,A,top_77_B,B,2.62,-7.4,-13.1686,-7.77,-1.67,-13.461,-33.774,-6.726,3.158,0.0063,swarm_46_124.pdb
top_78_A,A,top_78_B,B,0.76,-5.89,-9.823,9.21,3.63,-2.665,35.74,-1.85,2.594,0.0413,swarm_64_13.pdb
top_79_A,A,top_79_B,B,-1.24,-9.85,-12.5803,-4.5,7.13,-3.55,-1.511,-9.736,2.034,-0.0784,swarm_41_51.pdb
top_80_A,A,top_80_B,B,-2.1,-7.97,-10.841,4.52,9.89,-3.505,15.582,-4.598,4.933,-0.1089,swarm_46_32.pdb
top_81_A,A,top_81_B,B,-1.84,-6.06,-11.7085,16.32,27.39,-6.124,5.577,-3.841,1.459,0.0275,swarm_63_169.pdb
top_82_A,A,top_82_B,B,-2.28,-11.09,-13.992,28.65,0.17,-9.446,2.249,-12.997,4.501,-0.0609,swarm_9_142.pdb
top_83_A,A,top_83_B,B,-2.3,-9.4,-12.5307,-33.44,-8.75,-3.719,-7.612,-9.823,3.267,-0.1301,swarm_84_124.pdb
top_84_A,A,top_84_B,B,-1.44,-8.25,-11.8122,-11.6,3.57,-4.696,-15.438,1.392,1.517,-0.063,swarm_47_94.pdb
top_85_A,A,top_85_B,B,-4.08,-7.36,-11.7733,-13.62,5.4,-3.612,25.551,-12.918,4.988,-0.1396,swarm_16_82.pdb
top_86_A,A,top_86_B,B,-2.52,-12.97,-15.8772,-67.29,-42.63,-2.601,-35.204,-16.006,-0.947,-0.0093,swarm_71_28.pdb
top_87_A,A,top_87_B,B,-2.84,-12.2,-15.2106,-47.71,-25.98,-1.883,-22.621,-12.296,2.796,-0.1309,swarm_8_120.pdb
top_88_A,A,top_88_B,B,0.44,-9.71,-12.4484,-23.06,-8.3,-0.023,-33.359,-4.805,-0.283,-0.1238,swarm_20_85.pdb
top_89_A,A,top_89_B,B,-2.7,-3.03,-8.4605,58.69,54.66,-1.138,63.211,-1.226,1.725,0.1274,swarm_32_157.pdb
top_90_A,A,top_90_B,B,1.34,-7.36,-12.0998,20.87,20.97,-4.376,-13.329,-5.646,0.171,0.085,swarm_37_171.pdb
top_91_A,A,top_91_B,B,-0.78,-10.01,-11.9276,-19.29,-11.28,-4.67,-17.062,-9.041,3.012,-0.0494,swarm_34_104.pdb
top_92_A,A,top_92_B,B,-9.28,-11.29,-12.6612,-17.46,-26.3,-3.269,-12.834,-9.669,7.333,-0.0683,swarm_43_47.pdb
top_93_A,A,top_93_B,B,0.12,-9.47,-12.137,-20.12,-1.06,-1.94,13.874,-14.725,3.946,0.0215,swarm_47_187.pdb
top_94_A,A,top_94_B,B,-4.2,-9.98,-12.7809,-28.52,4.21,-3.53,-0.535,-5.378,3.963,-0.048,swarm_52_189.pdb
top_95_A,A,top_95_B,B,0.94,-8.56,-11.3952,-13.58,-1.77,-1.833,-1.405,-0.449,-3.031,-0.0267,swarm_75_54.pdb
top_96_A,A,top_96_B,B,-2.74,-11.28,-12.8706,-13.49,-5.35,-1.385,-12.917,-12.567,3.305,-0.1239,swarm_23_193.pdb
top_97_A,A,top_97_B,B,-2.18,-9.39,-13.0275,-14.58,-10.34,-1.916,-25.832,-7.314,5.131,-0.1083,swarm_2_159.pdb
top_98_A,A,top_98_B,B,-4.38,-11.02,-13.9533,-45.05,-19.15,-2.868,4.489,-11.696,2.151,-0.0989,swarm_11_141.pdb
top_99_A,A,top_99_B,B,0.94,-9.17,-11.5249,40.53,33.75,-1.473,4.922,-5.726,-2.249,0.0611,swarm_79_12.pdb
top_100_A,A,top_100_B,B,2.02,-9.01,-11.6765,6.52,5.61,-4.01,0.053,-4.444,1.926,0.0038,swarm_39_3.pdb
top_101_A,A,top_101_B,B,4.52,-6.29,-9.8215,23.19,24.74,-1.308,27.038,-1.789,2.326,0.1043,swarm_5_184.pdb
top_102_A,A,top_102_B,B,0.32,-6.54,-12.7596,2.03,8.15,-8.527,-8.607,-11.553,2.357,-0.0571,swarm_21_67.pdb
top_103_A,A,top_103_B,B,0.06,-8.05,-11.8629,-53.87,-24.62,-5.654,-25.777,-6.107,0.309,-0.1331,swarm_0_137.pdb
top_104_A,A,top_104_B,B,0.38,-6.46,-11.788,-31.34,-9.38,-3.761,-23.91,-8.386,3.152,-0.009,swarm_45_198.pdb
top_105_A,A,top_105_B,B,1.94,-9.61,-11.9163,-17.78,-4.03,-2.087,-22.679,-8.108,-3.406,-0.1088,swarm_50_5.pdb
top_106_A,A,top_106_B,B,1.56,-8.85,-13.2811,-38.94,-24.39,-1.006,-35.164,-7.959,3.472,0.069,swarm_31_108.pdb
top_107_A,A,top_107_B,B,-1.72,-6.09,-11.2536,2.84,14.77,-4.368,24.281,2.859,3.242,-0.1293,swarm_27_151.pdb
top_108_A,A,top_108_B,B,-1.26,-10.12,-12.6968,-20.74,-14.31,-5.535,-21.067,-21.476,3.684,-0.0477,swarm_31_171.pdb
top_109_A,A,top_109_B,B,0.72,-12.34,-12.9832,-36.97,-11.18,-7.017,-28.175,-16.36,4.735,-0.1307,swarm_34_36.pdb
top_110_A,A,top_110_B,B,0.02,-7.92,-11.8953,-37.67,-9.56,-4.571,-19.447,-3.439,5.026,-0.0635,swarm_25_91.pdb
top_111_A,A,top_111_B,B,0.94,-6.92,-10.0177,-7.64,-7.77,-1.382,-2.951,-2.061,2.33,-0.083,swarm_8_112.pdb
top_112_A,A,top_112_B,B,3.22,-6.89,-11.8186,42.43,20.17,-9.452,1.994,-1.4,1.697,0.0282,swarm_85_33.pdb
top_113_A,A,top_113_B,B,1.84,-8.08,-11.1853,-3.35,-1.03,-7.685,7.971,-9.218,0.95,-0.0717,swarm_37_60.pdb
top_114_A,A,top_114_B,B,-3.86,-6.9,-12.3742,-24.29,-2.59,-5.85,4.924,-11.39,1.042,-0.1069,swarm_64_156.pdb
top_115_A,A,top_115_B,B,-4.22,-10.91,-13.0018,-30.03,-15.47,-5.336,-22.66,-17.247,5.291,-0.1124,swarm_8_24.pdb
top_116_A,A,top_116_B,B,0.46,-0.89,-5.1225,112.53,71.51,-1.033,110.715,0.694,1.782,0.1685,swarm_64_172.pdb
top_117_A,A,top_117_B,B,2.9,-6.96,-11.6825,-15.87,-4.19,-4.166,-33.61,3.572,-0.415,0.0637,swarm_9_87.pdb
top_118_A,A,top_118_B,B,5.1,-8.66,-12.4149,-7.28,5.81,-2.283,-20.0,3.177,-2.307,-0.023,swarm_20_193.pdb
top_119_A,A,top_119_B,B,-4.24,-6.48,-10.7729,8.33,11.02,-5.496,9.095,-12.281,4.387,-0.0362,swarm_82_3.pdb
top_120_A,A,top_120_B,B,2.78,-7.93,-12.7953,-32.26,-9.17,-9.295,-35.403,-4.439,3.06,0.0172,swarm_54_130.pdb
top_121_A,A,top_121_B,B,3.8,-8.93,-12.57,2.98,-3.34,-3.538,-20.303,-10.633,2.077,0.0371,swarm_80_105.pdb
top_122_A,A,top_122_B,B,2.94,-8.69,-12.1237,-27.53,-17.09,-2.53,-31.072,-12.918,2.01,-0.0555,swarm_49_17.pdb
top_123_A,A,top_123_B,B,-1.72,-8.5,-11.7033,-20.41,-10.85,-2.206,-21.096,2.956,0.156,-0.0418,swarm_31_191.pdb
top_124_A,A,top_124_B,B,-4.24,-9.04,-11.9869,-17.1,-1.99,-2.227,-16.547,-15.971,3.586,-0.1018,swarm_49_156.pdb
top_125_A,A,top_125_B,B,-1.08,-7.59,-11.5483,22.9,13.55,-5.225,12.955,-7.504,6.148,-0.1024,swarm_70_191.pdb
top_126_A,A,top_126_B,B,3.2,-11.19,-14.2658,-53.95,-21.93,-19.155,-44.106,-15.553,-0.564,-0.0527,swarm_40_65.pdb
top_127_A,A,top_127_B,B,5.12,-9.46,-13.7224,-27.97,-20.9,-6.15,-26.198,-12.3,2.111,-0.0412,swarm_74_133.pdb
top_128_A,A,top_128_B,B,-7.22,0.19,-6.5548,104.74,86.05,-3.78,227.965,-9.217,7.721,-0.0787,swarm_63_182.pdb
top_129_A,A,top_129_B,B,-3.66,-10.81,-12.6463,-24.91,-12.41,-4.437,-5.887,-14.305,2.111,-0.0882,swarm_1_196.pdb
top_130_A,A,top_130_B,B,2.12,-6.78,-9.9694,18.89,18.62,-1.722,-2.123,-6.823,0.122,0.0074,swarm_45_53.pdb
top_131_A,A,top_131_B,B,-0.96,-11.73,-13.2714,-47.26,-21.47,-1.522,-28.327,-9.27,4.991,-0.079,swarm_63_94.pdb
top_132_A,A,top_132_B,B,2.36,-6.81,-11.7253,-29.51,-16.46,-7.785,-18.506,-2.032,4.121,0.0007,swarm_24_23.pdb
top_133_A,A,top_133_B,B,2.06,-9.1,-12.3271,-27.06,-1.65,-6.181,-18.665,-4.031,4.0,-0.1426,swarm_43_24.pdb
top_134_A,A,top_134_B,B,-2.56,-11.09,-13.3612,-25.23,1.32,-5.164,-6.27,-11.622,4.616,0.0168,swarm_66_38.pdb
top_135_A,A,top_135_B,B,-1.24,-6.04,-10.6888,-22.35,2.55,-6.013,-25.332,1.359,-0.786,0.0383,swarm_15_165.pdb
top_136_A,A,top_136_B,B,-5.76,-10.21,-13.1134,-49.03,-21.97,-3.676,-3.606,-19.052,5.034,-0.0721,swarm_62_68.pdb
top_137_A,A,top_137_B,B,3.76,-7.59,-11.9666,0.21,1.68,-1.402,-17.022,-9.253,-1.49,-0.0652,swarm_13_63.pdb
top_138_A,A,top_138_B,B,0.52,-7.13,-10.2676,-8.63,3.85,-4.613,-0.844,0.172,-1.177,-0.0737,swarm_29_105.pdb
top_139_A,A,top_139_B,B,-7.4,-10.5,-12.6176,-36.27,-17.59,-5.608,-13.655,-14.046,5.612,-0.1636,swarm_43_8.pdb
top_140_A,A,top_140_B,B,1.64,-8.41,-11.6694,-62.14,-24.43,-6.602,-12.669,-12.089,3.045,-0.0697,swarm_19_182.pdb
top_141_A,A,top_141_B,B,2.36,-10.99,-13.5762,-27.68,-15.07,-14.657,-16.465,-19.93,-0.506,-0.0807,swarm_11_7.pdb
top_142_A,A,top_142_B,B,1.68,-8.29,-11.5812,-46.86,-11.21,-2.19,-30.497,0.627,3.849,-0.0882,swarm_27_124.pdb
top_143_A,A,top_143_B,B,-3.36,-9.61,-12.7782,-66.84,-32.88,-10.697,-34.036,-18.011,5.683,-0.1062,swarm_72_36.pdb
top_144_A,A,top_144_B,B,-8.8,-8.12,-10.3567,6.06,5.35,-6.347,63.366,-6.224,4.793,-0.15,swarm_67_95.pdb
top_145_A,A,top_145_B,B,4.52,-5.58,-10.9428,31.26,20.41,-12.401,-43.04,3.074,1.715,0.0265,swarm_30_54.pdb
top_146_A,A,top_146_B,B,2.12,-8.58,-10.9328,-9.96,7.28,-1.602,-13.511,-1.673,-0.073,0.1085,swarm_65_172.pdb
top_147_A,A,top_147_B,B,-5.22,-8.8,-11.3026,-56.75,-25.06,-7.455,-22.412,-25.425,6.218,-0.1234,swarm_43_33.pdb
top_148_A,A,top_148_B,B,3.18,-9.27,-11.4992,-16.16,-0.13,0.59,4.753,-0.018,0.2,0.0675,swarm_75_100.pdb
top_149_A,A,top_149_B,B,5.78,-8.39,-11.7699,-0.74,-4.43,-9.471,-34.957,-12.939,2.902,-0.0871,swarm_62_48.pdb
top_150_A,A,top_150_B,B,-7.6,-8.03,-11.2373,-26.15,-8.49,-4.32,-2.388,-8.297,1.026,-0.0385,swarm_67_131.pdb
top_151_A,A,top_151_B,B,0.9,-8.72,-10.9146,-13.96,-8.66,0.022,-13.18,-6.175,2.61,-0.0386,swarm_46_62.pdb
top_152_A,A,top_152_B,B,-1.16,-8.21,-10.5209,21.74,12.25,-0.801,-6.559,-3.234,2.503,-0.0398,swarm_24_45.pdb
top_153_A,A,top_153_B,B,5.12,-6.4,-10.917,54.72,38.87,-7.129,-16.834,-5.375,-0.038,-0.0019,swarm_57_38.pdb
top_154_A,A,top_154_B,B,5.94,-9.46,-12.4469,-17.1,1.01,-7.144,-24.802,-11.378,0.383,-0.0436,swarm_83_114.pdb
top_155_A,A,top_155_B,B,-10.92,-9.24,-11.8663,-6.02,0.92,-8.336,59.762,-6.201,6.073,-0.0461,swarm_2_142.pdb
top_156_A,A,top_156_B,B,2.3,-6.72,-11.3115,-24.74,-0.18,-0.292,-29.377,3.686,2.67,0.0148,swarm_33_128.pdb
top_157_A,A,top_157_B,B,0.96,-7.91,-11.1779,-0.36,-4.68,-2.799,-18.713,-10.316,2.912,-0.0588,swarm_53_117.pdb
top_158_A,A,top_158_B,B,0.34,-10.58,-14.0778,-36.45,-16.24,-4.31,-39.752,-12.161,2.614,-0.0973,swarm_0_147.pdb
top_159_A,A,top_159_B,B,0.56,-5.17,-10.6584,-5.59,3.46,-5.899,-6.854,10.802,0.313,-0.0056,swarm_53_4.pdb
top_160_A,A,top_160_B,B,1.98,-7.52,-11.4803,-8.16,2.12,-5.767,-28.442,-6.166,0.808,-0.0137,swarm_21_163.pdb
top_161_A,A,top_161_B,B,-6.82,-10.65,-12.3748,-36.04,-20.46,-5.535,-23.385,-16.61,4.301,-0.1999,swarm_43_146.pdb
top_162_A,A,top_162_B,B,-1.62,-6.55,-9.7487,13.48,8.11,-8.244,13.311,-11.794,5.746,0.0459,swarm_34_121.pdb
top_163_A,A,top_163_B,B,1.2,-8.19,-11.8156,-30.18,-7.05,-2.807,-14.798,-12.558,1.116,-0.0051,swarm_22_111.pdb
top_164_A,A,top_164_B,B,-0.7,-8.52,-11.3657,-36.83,-10.67,-2.425,-7.83,-3.419,-0.9,-0.0312,swarm_37_71.pdb
top_165_A,A,top_165_B,B,1.4,-7.33,-10.6393,2.69,2.79,-2.564,19.429,-4.723,0.409,0.0066,swarm_21_49.pdb
top_166_A,A,top_166_B,B,-0.02,-8.06,-10.7776,-13.09,-9.05,-10.462,-15.701,-11.078,2.851,-0.031,swarm_68_161.pdb
top_167_A,A,top_167_B,B,4.12,-5.55,-10.7169,43.31,36.51,-3.715,7.865,3.81,-2.465,0.1843,swarm_85_66.pdb
top_168_A,A,top_168_B,B,0.06,-9.29,-11.5347,-18.72,-11.91,-3.643,-5.665,-11.8,3.463,-0.0999,swarm_34_163.pdb
top_169_A,A,top_169_B,B,5.12,-6.89,-10.5313,30.65,42.86,-2.151,66.651,0.612,1.515,-0.0705,swarm_71_76.pdb
top_170_A,A,top_170_B,B,-2.92,-6.9,-10.7236,-40.59,-17.68,-3.013,-21.269,-25.22,3.954,-0.0195,swarm_80_103.pdb
top_171_A,A,top_171_B,B,1.9,-8.33,-10.8706,-19.84,-13.87,-7.086,-4.792,-11.397,3.158,0.0216,swarm_71_166.pdb
top_172_A,A,top_172_B,B,0.14,-6.42,-12.2333,-38.92,-22.96,-11.695,-27.485,-6.655,3.614,0.0487,swarm_13_64.pdb
top_173_A,A,top_173_B,B,0.28,-7.39,-11.718,40.65,16.44,-10.567,32.527,-14.715,4.57,-0.0219,swarm_33_175.pdb
top_174_A,A,top_174_B,B,1.96,3.07,-5.4151,100.13,74.25,-0.506,148.608,9.256,1.0,0.0433,swarm_16_185.pdb
top_175_A,A,top_175_B,B,4.0,-7.13,-13.5577,-25.18,-11.83,-8.027,-27.835,-11.811,-1.034,0.0239,swarm_42_3.pdb
top_176_A,A,top_176_B,B,2.06,-6.55,-9.9251,7.5,16.24,-3.538,-0.616,-0.125,0.578,0.0297,swarm_22_107.pdb
top_177_A,A,top_177_B,B,-1.34,-8.98,-12.1599,0.05,3.75,0.25,11.734,-7.173,1.542,-0.0636,swarm_16_37.pdb
top_178_A,A,top_178_B,B,-0.34,-8.14,-12.4567,-38.4,-18.87,-12.163,-30.841,-2.467,2.816,-0.1518,swarm_19_47.pdb
top_179_A,A,top_179_B,B,-3.32,-8.81,-10.8508,-5.54,-13.15,-3.829,-9.702,-7.76,3.814,-0.0703,swarm_73_155.pdb
top_180_A,A,top_180_B,B,1.68,-8.83,-11.4086,-44.32,-17.49,-9.23,-22.308,-7.191,-0.002,-0.0749,swarm_6_5.pdb
top_181_A,A,top_181_B,B,-3.92,-9.45,-11.1176,-13.44,0.18,-4.06,-9.331,-9.43,3.173,-0.1299,swarm_27_173.pdb
top_182_A,A,top_182_B,B,0.22,-7.91,-11.097,-8.22,-10.21,-5.144,-32.881,1.608,1.505,-0.0632,swarm_8_41.pdb
top_183_A,A,top_183_B,B,2.78,-8.51,-11.2193,-14.85,-5.49,-5.309,-29.137,-3.387,-0.071,-0.0382,swarm_22_163.pdb
top_184_A,A,top_184_B,B,1.12,-4.01,-8.8808,35.81,26.95,-3.916,-10.364,-4.268,1.437,0.0291,swarm_76_16.pdb
top_185_A,A,top_185_B,B,1.22,-7.25,-10.7826,-5.65,7.95,-6.692,-5.742,-5.293,-0.691,0.0223,swarm_12_30.pdb
top_186_A,A,top_186_B,B,4.94,-4.35,-9.4652,21.28,13.2,-3.097,7.459,0.646,-0.081,0.0858,swarm_4_78.pdb
top_187_A,A,top_187_B,B,2.8,-6.21,-10.3491,-16.39,-2.57,-0.546,-22.495,3.979,-0.424,-0.007,swarm_64_32.pdb
top_188_A,A,top_188_B,B,0.84,-7.94,-11.1555,10.27,6.46,-2.307,5.375,-7.852,-0.991,0.1264,swarm_81_119.pdb
top_189_A,A,top_189_B,B,2.7,-7.59,-11.083,-24.59,-20.37,-6.878,-26.185,0.432,-1.318,-0.1026,swarm_11_102.pdb
top_190_A,A,top_190_B,B,1.98,-8.12,-11.3656,-1.65,-1.91,-8.324,-14.33,-10.873,0.515,0.0014,swarm_69_180.pdb
top_191_A,A,top_191_B,B,5.96,-9.16,-11.9526,-9.7,6.37,2.289,-13.028,2.403,2.077,-0.0394,swarm_31_106.pdb
top_192_A,A,top_192_B,B,-0.78,-9.05,-12.2695,-12.59,-0.86,-3.931,-17.907,-13.484,3.755,-0.0617,swarm_29_167.pdb
top_193_A,A,top_193_B,B,1.66,-7.88,-10.9682,17.78,14.16,-12.076,2.971,-8.902,2.346,-0.0118,swarm_78_167.pdb
top_194_A,A,top_194_B,B,4.52,-4.4,-9.6707,44.2,46.51,-3.078,36.209,-1.318,-2.56,0.2114,swarm_62_83.pdb
top_195_A,A,top_195_B,B,-0.54,-6.05,-10.203,-0.12,1.43,-9.308,4.917,3.308,0.558,-0.0161,swarm_20_134.pdb
top_196_A,A,top_196_B,B,0.98,-7.58,-11.9997,-47.95,-15.32,-12.688,-26.457,-29.98,4.43,-0.0319,swarm_48_65.pdb
top_197_A,A,top_197_B,B,-2.26,-8.68,-12.0441,-50.6,-31.19,-3.745,-25.618,-23.153,2.554,-0.1459,swarm_21_170.pdb
top_198_A,A,top_198_B,B,-1.08,-8.63,-10.7233,-16.46,-2.59,-4.081,-6.202,-7.705,1.664,-0.128,swarm_15_43.pdb
top_199_A,A,top_199_B,B,4.98,-7.0,-10.4652,15.35,15.47,-2.08,-9.508,6.539,-1.247,0.0782,swarm_31_128.pdb
top_200_A,A,top_200_B,B,0.38,-9.23,-10.9234,-9.38,-5.43,-5.501,4.048,-11.97,1.897,-0.0373,swarm_34_74.pdb
top_201_A,A,top_201_B,B,6.6,-6.06,-8.2849,52.37,32.23,7.676,59.726,21.716,-2.101,-0.0233,swarm_78_23.pdb
top_202_A,A,top_202_B,B,2.22,-7.53,-11.7258,-31.3,-15.96,-7.6,-26.904,0.334,1.252,-0.0315,swarm_42_152.pdb
top_203_A,A,top_203_B,B,-0.76,-9.77,-12.2921,3.88,9.01,-5.589,-22.569,-7.726,4.432,-0.0963,swarm_66_5.pdb
top_204_A,A,top_204_B,B,1.36,-6.72,-10.6331,-1.31,11.16,-0.385,-5.9,-1.755,-0.794,0.0714,swarm_76_180.pdb
top_205_A,A,top_205_B,B,1.8,-6.67,-10.3558,39.79,37.95,-3.689,3.072,-2.344,-1.605,0.0579,swarm_22_109.pdb
top_206_A,A,top_206_B,B,1.16,-5.65,-10.8197,-9.79,-4.16,0.141,-23.951,0.951,-0.242,-0.0414,swarm_41_32.pdb
top_207_A,A,top_207_B,B,4.14,-7.16,-10.6046,18.03,23.74,-1.027,4.819,-0.038,1.524,0.2359,swarm_53_145.pdb
top_208_A,A,top_208_B,B,0.46,-5.71,-10.364,-5.35,-1.77,-5.45,4.019,-7.067,1.297,-0.0679,swarm_22_82.pdb
top_209_A,A,top_209_B,B,-7.62,-5.04,-7.6737,-3.93,8.17,-6.63,72.935,-16.693,6.482,-0.0562,swarm_37_148.pdb
top_210_A,A,top_210_B,B,0.24,-5.79,-9.8486,9.68,5.83,-5.183,-6.68,-4.917,2.45,-0.054,swarm_85_1.pdb
top_211_A,A,top_211_B,B,1.12,-8.73,-11.5849,-9.06,-7.5,-2.218,-21.2,-5.059,4.31,0.0061,swarm_72_172.pdb
top_212_A,A,top_212_B,B,-0.14,-8.34,-10.7355,-30.96,-8.94,-0.411,-5.697,-5.793,-2.385,-0.0656,swarm_1_26.pdb
top_213_A,A,top_213_B,B,1.52,-6.07,-11.3125,-21.83,-12.14,-6.886,-30.307,6.611,2.923,-0.146,swarm_48_197.pdb
top_214_A,A,top_214_B,B,0.4,-4.18,-9.7466,37.09,31.29,-7.639,1.93,-4.949,0.086,-0.0859,swarm_75_108.pdb
top_215_A,A,top_215_B,B,2.92,-5.82,-11.5111,-4.75,13.49,-1.039,5.742,1.034,0.936,0.057,swarm_0_186.pdb
top_216_A,A,top_216_B,B,4.06,-7.77,-11.6016,-2.22,2.31,-6.427,-4.207,-6.347,-3.029,-0.0184,swarm_81_197.pdb
top_217_A,A,top_217_B,B,-0.72,-10.1,-13.5281,-9.09,-4.39,-7.5,-13.882,-14.344,3.154,0.0062,swarm_12_144.pdb
top_218_A,A,top_218_B,B,6.36,-6.99,-11.0505,33.49,15.08,-4.87,5.523,-4.35,1.07,0.0636,swarm_81_41.pdb
top_219_A,A,top_219_B,B,-2.8,-10.09,-11.7862,-29.02,-19.82,-2.951,-20.244,-9.016,2.642,-0.1169,swarm_34_78.pdb
top_220_A,A,top_220_B,B,3.98,-4.55,-9.0467,33.63,31.19,-1.132,23.765,0.485,-2.276,-0.1048,swarm_62_134.pdb
top_221_A,A,top_221_B,B,-5.88,-7.84,-10.0651,-30.26,-13.43,-4.229,11.369,-15.783,6.317,-0.0207,swarm_19_118.pdb
top_222_A,A,top_222_B,B,-0.82,-9.72,-11.3543,-25.49,-6.92,-0.514,-25.716,-10.647,-0.024,-0.0383,swarm_84_176.pdb
top_223_A,A,top_223_B,B,-0.1,-6.66,-10.2058,-27.72,-14.13,-3.656,-14.999,-8.508,1.067,-0.0422,swarm_16_131.pdb
top_224_A,A,top_224_B,B,5.02,-3.82,-11.1305,-5.09,6.22,-10.84,-38.868,-1.269,-0.941,0.1063,swarm_42_78.pdb
top_225_A,A,top_225_B,B,-1.82,-5.85,-9.1626,29.75,24.26,-3.377,-3.457,-11.175,1.938,-0.0298,swarm_8_66.pdb
top_226_A,A,top_226_B,B,-1.32,-8.57,-10.891,-15.09,-0.69,-6.147,-21.024,-16.389,3.343,-0.0393,swarm_82_162.pdb
top_227_A,A,top_227_B,B,-9.1,-8.41,-11.7228,-23.33,-12.17,-4.973,6.679,-7.112,4.687,-0.1701,swarm_19_165.pdb
top_228_A,A,top_228_B,B,3.86,-4.97,-9.8385,8.49,0.79,-0.883,-5.982,4.204,0.723,0.1115,swarm_58_78.pdb
top_229_A,A,top_229_B,B,1.44,-6.51,-10.3923,-2.0,-1.43,-8.113,-14.055,-5.463,0.688,-0.069,swarm_12_9.pdb
top_230_A,A,top_230_B,B,2.12,-6.41,-8.9273,36.68,22.85,-4.129,6.965,-4.328,-3.295,-0.0603,swarm_84_36.pdb
top_231_A,A,top_231_B,B,1.44,-7.92,-11.0879,-21.91,-17.38,-5.666,-21.547,-0.987,2.91,-0.0718,swarm_40_10.pdb
top_232_A,A,top_232_B,B,1.9,-4.89,-10.0631,17.52,12.81,0.736,3.574,12.888,-0.273,-0.0928,swarm_31_48.pdb
top_233_A,A,top_233_B,B,2.62,-8.57,-12.2803,4.15,10.13,0.597,-4.206,-3.197,2.185,-0.121,swarm_64_97.pdb
top_234_A,A,top_234_B,B,-1.64,-7.7,-9.8302,-10.19,0.38,-3.855,0.552,-17.531,1.768,0.0017,swarm_35_140.pdb
top_235_A,A,top_235_B,B,-0.1,-10.15,-12.5585,-17.86,-11.9,-7.738,-26.835,-20.665,4.198,0.0059,swarm_20_142.pdb
top_236_A,A,top_236_B,B,2.58,-8.51,-12.8606,-59.19,-26.49,-9.975,-42.335,-21.855,1.913,-0.0625,swarm_61_164.pdb
top_237_A,A,top_237_B,B,3.04,-9.71,-12.224,-5.66,-3.07,-6.922,-26.303,-5.445,0.664,0.0162,swarm_45_42.pdb
top_238_A,A,top_238_B,B,-5.24,-12.12,-15.0732,-46.37,-18.88,-6.47,-17.264,-16.356,1.859,-0.1323,swarm_70_192.pdb
top_239_A,A,top_239_B,B,2.38,-5.67,-11.2316,-5.84,-6.56,-5.905,-24.09,-8.994,-0.088,-0.0808,swarm_65_165.pdb
top_240_A,A,top_240_B,B,1.82,-7.2,-11.2696,-14.2,-3.66,-6.618,-26.147,-1.398,1.018,-0.1034,swarm_16_80.pdb
top_241_A,A,top_241_B,B,1.6,-5.27,-9.7978,10.39,5.5,-14.65,-31.557,-9.732,1.929,-0.0445,swarm_57_43.pdb
top_242_A,A,top_242_B,B,1.84,-4.07,-9.5343,-1.33,6.01,-2.483,-17.986,-3.29,2.441,0.0156,swarm_47_37.pdb
top_243_A,A,top_243_B,B,-1.14,-8.34,-10.5575,-12.4,-7.23,-2.133,-5.443,-9.301,3.939,-0.0897,swarm_2_108.pdb
top_244_A,A,top_244_B,B,4.82,-5.92,-10.576,-9.49,-7.27,-4.303,-26.384,-5.63,-0.418,-0.0001,swarm_38_189.pdb
top_245_A,A,top_245_B,B,6.16,-8.29,-11.8153,-6.05,1.2,-4.649,-38.932,-7.966,-0.723,0.0215,swarm_40_120.pdb
top_246_A,A,top_246_B,B,1.82,-5.94,-10.0843,-29.8,-14.07,-8.924,-22.492,-4.116,2.482,-0.0641,swarm_1_173.pdb
top_247_A,A,top_247_B,B,3.96,-8.03,-9.8851,-25.76,-15.11,-5.624,-25.933,-8.231,2.695,0.0026,swarm_33_54.pdb
top_248_A,A,top_248_B,B,0.84,-7.24,-10.1843,-16.28,0.27,-1.715,-25.22,-1.261,2.382,0.0251,swarm_74_77.pdb
top_249_A,A,top_249_B,B,1.86,-5.29,-9.4975,-30.84,-16.15,-7.696,-25.271,-8.48,1.42,0.082,swarm_32_176.pdb
top_250_A,A,top_250_B,B,2.68,-6.93,-11.222,-17.31,-3.39,-5.538,-17.437,-3.94,1.798,-0.0517,swarm_74_187.pdb
top_251_A,A,top_251_B,B,3.78,-5.55,-10.0187,17.63,4.05,-2.289,-17.272,-2.907,1.001,0.1676,swarm_85_171.pdb
top_252_A,A,top_252_B,B,5.96,-4.74,-10.6418,15.89,17.05,-8.593,-24.532,-5.165,-3.203,-0.0367,swarm_12_172.pdb
top_253_A,A,top_253_B,B,0.54,-8.42,-10.2762,-14.25,-0.48,-4.188,-19.301,-14.902,2.753,0.037,swarm_77_61.pdb
top_254_A,A,top_254_B,B,3.14,-7.67,-10.5527,-10.62,-1.94,-9.312,-12.326,-8.775,1.191,-0.0899,swarm_55_95.pdb
top_255_A,A,top_255_B,B,2.82,-7.89,-10.522,-23.49,-5.88,-7.052,-23.87,-6.751,-1.513,-0.0412,swarm_65_96.pdb
top_256_A,A,top_256_B,B,3.44,-6.37,-9.4289,12.3,12.08,-4.502,-3.145,1.88,-1.406,-0.034,swarm_12_175.pdb
top_257_A,A,top_257_B,B,5.34,-5.84,-9.3441,-2.47,-6.49,-2.345,-23.694,1.748,1.906,0.0086,swarm_45_58.pdb
top_258_A,A,top_258_B,B,6.06,-7.86,-10.8525,-8.68,-2.11,-4.034,-26.105,-22.868,2.94,-0.1139,swarm_25_17.pdb
top_259_A,A,top_259_B,B,1.24,-9.85,-13.0852,-17.04,0.44,-5.513,1.363,-10.349,0.853,-0.0542,swarm_37_141.pdb
top_260_A,A,top_260_B,B,3.36,-7.42,-11.1712,-23.54,-15.02,-3.397,-31.188,-5.247,3.426,-0.0435,swarm_75_71.pdb
top_261_A,A,top_261_B,B,1.4,-8.59,-10.3678,-31.11,-9.26,-4.675,-23.879,-12.607,-1.475,-0.05,swarm_76_166.pdb
top_262_A,A,top_262_B,B,-1.56,-7.85,-10.3479,-0.59,6.23,-4.242,-18.033,-8.775,2.341,-0.0076,swarm_68_35.pdb
top_263_A,A,top_263_B,B,1.78,-4.71,-10.4608,-13.37,-20.05,-13.751,-30.985,-3.111,1.395,0.0598,swarm_85_55.pdb
top_264_A,A,top_264_B,B,2.0,-7.32,-9.8425,-18.74,-2.66,-9.151,-11.204,-5.523,-1.151,0.0006,swarm_85_18.pdb
top_265_A,A,top_265_B,B,3.36,-6.96,-10.6041,-10.07,-0.72,-5.413,-19.953,-2.114,-1.84,0.029,swarm_83_130.pdb
top_266_A,A,top_266_B,B,2.26,-5.38,-10.0143,-10.85,-10.93,-5.277,-33.751,7.053,2.009,0.0538,swarm_61_82.pdb
top_267_A,A,top_267_B,B,1.44,-5.2,-9.4312,16.57,-5.82,-8.175,-25.832,-2.243,0.996,0.056,swarm_26_54.pdb
top_268_A,A,top_268_B,B,5.78,-4.62,-10.3754,-25.33,-3.96,-4.404,-20.169,-1.056,-2.132,0.0579,swarm_69_52.pdb
top_269_A,A,top_269_B,B,-1.14,-6.95,-10.5004,-25.77,1.69,-4.622,8.804,-20.133,4.54,-0.0605,swarm_51_19.pdb
top_270_A,A,top_270_B,B,-6.58,-5.88,-8.805,-42.46,-17.94,1.15,-11.997,-14.185,5.216,-0.1675,swarm_65_42.pdb
top_271_A,A,top_271_B,B,3.38,-7.1,-10.5038,-4.72,1.11,-9.904,-11.858,-7.609,1.004,0.0821,swarm_26_50.pdb
top_272_A,A,top_272_B,B,1.86,-5.99,-8.0871,-19.92,-2.57,-2.103,-13.892,-7.047,3.059,-0.0433,swarm_10_41.pdb
top_273_A,A,top_273_B,B,3.08,-7.64,-9.4962,-5.22,-2.9,-6.039,-26.609,-10.459,1.008,0.0636,swarm_3_119.pdb
top_274_A,A,top_274_B,B,0.14,-5.46,-9.4893,29.13,24.54,-0.829,-1.21,-4.513,-2.776,-0.0002,swarm_41_182.pdb
top_275_A,A,top_275_B,B,-1.86,-5.57,-8.0904,-28.44,-11.31,-2.576,3.335,-9.419,1.793,-0.0564,swarm_8_83.pdb
top_276_A,A,top_276_B,B,-0.8,-10.13,-12.3153,-19.33,-4.56,-5.761,-18.774,-15.791,2.612,-0.0908,swarm_47_155.pdb
top_277_A,A,top_277_B,B,1.18,-5.67,-9.8651,19.94,25.82,-3.131,-10.745,-3.496,1.433,-0.0656,swarm_12_26.pdb
top_278_A,A,top_278_B,B,2.46,-5.86,-9.9957,-19.81,-19.15,-1.817,-23.098,2.207,1.277,0.0622,swarm_48_56.pdb
top_279_A,A,top_279_B,B,2.3,-5.65,-9.7255,26.19,18.34,0.149,-14.613,-5.146,2.738,0.0604,swarm_75_35.pdb
top_280_A,A,top_280_B,B,0.52,-5.53,-9.497,18.58,10.24,-3.344,7.384,-6.989,0.988,-0.0112,swarm_2_29.pdb
top_281_A,A,top_281_B,B,-1.52,-7.58,-9.6256,-10.82,-6.38,-4.008,36.38,-19.833,3.934,-0.0854,swarm_78_58.pdb
top_282_A,A,top_282_B,B,-0.04,-5.37,-9.3523,-22.14,-3.53,-1.058,-3.83,-13.236,1.48,-0.0066,swarm_13_136.pdb
top_283_A,A,top_283_B,B,2.56,-8.78,-12.7873,13.79,15.42,-6.995,6.934,-9.156,0.499,0.057,swarm_82_54.pdb
top_284_A,A,top_284_B,B,-6.04,-9.27,-14.3027,-12.95,19.07,-1.936,81.36,-17.182,3.014,0.0073,swarm_76_125.pdb
top_285_A,A,top_285_B,B,-4.24,-5.85,-8.9303,-38.52,-19.04,-2.722,-3.976,-16.514,3.438,-0.1313,swarm_8_119.pdb
top_286_A,A,top_286_B,B,5.02,-6.28,-10.1822,14.11,18.97,-2.111,-22.066,4.358,1.226,0.0821,swarm_49_117.pdb
top_287_A,A,top_287_B,B,0.84,-6.32,-9.1356,41.14,39.7,-2.954,39.967,-5.29,2.686,0.0783,swarm_15_107.pdb
top_288_A,A,top_288_B,B,-1.84,-6.53,-10.5283,37.66,17.5,-1.732,34.293,-15.417,3.644,-0.0793,swarm_35_114.pdb
top_289_A,A,top_289_B,B,2.06,-4.56,-8.3018,12.04,12.89,-2.602,-1.671,1.154,-1.398,0.1358,swarm_5_10.pdb
top_290_A,A,top_290_B,B,0.38,-7.91,-13.4572,-24.23,-6.41,-0.349,-26.955,-11.12,1.776,-0.1097,swarm_75_57.pdb
top_291_A,A,top_291_B,B,-0.76,-7.33,-9.8375,-7.4,1.99,1.025,-5.736,-12.517,4.163,-0.0326,swarm_64_130.pdb
top_292_A,A,top_292_B,B,2.08,-5.67,-9.7694,-6.31,-2.07,-7.093,-29.248,-9.974,1.578,0.1138,swarm_85_59.pdb
top_293_A,A,top_293_B,B,2.98,-7.13,-9.5662,-8.31,10.09,-6.042,-13.206,-4.964,-2.977,-0.0226,swarm_51_145.pdb
top_294_A,A,top_294_B,B,1.1,-5.04,-9.8382,14.42,12.31,-5.62,-12.905,-2.436,1.615,0.0086,swarm_56_42.pdb
top_295_A,A,top_295_B,B,2.78,-7.5,-10.7558,-11.42,-0.78,-6.99,-23.248,-7.504,1.838,-0.0153,swarm_35_17.pdb
top_296_A,A,top_296_B,B,-2.86,-7.41,-9.6656,-44.9,-22.58,-2.7,-4.395,-24.123,4.489,-0.1256,swarm_79_11.pdb
top_297_A,A,top_297_B,B,0.98,-7.72,-11.8576,-17.56,-6.17,-0.023,-22.493,-0.691,3.046,-0.0617,swarm_33_76.pdb
top_298_A,A,top_298_B,B,-1.0,-5.69,-10.323,6.8,13.17,-6.168,19.966,-11.228,2.065,-0.0345,swarm_68_94.pdb
top_299_A,A,top_299_B,B,1.34,-1.4,-7.0715,29.59,31.32,-1.991,25.641,1.735,1.291,0.1662,swarm_49_49.pdb
top_300_A,A,top_300_B,B,1.66,-6.06,-9.8624,34.02,29.12,-3.415,22.391,-3.367,0.4,-0.0201,swarm_78_184.pdb
top_301_A,A,top_301_B,B,3.66,-6.05,-11.0348,-5.56,1.84,-7.217,-24.244,-7.016,-1.127,0.0918,swarm_69_121.pdb
top_302_A,A,top_302_B,B,5.28,-6.99,-10.4119,-15.14,-10.14,-10.774,-29.78,-6.425,3.364,-0.0208,swarm_81_149.pdb
top_303_A,A,top_303_B,B,3.0,-7.74,-10.2544,-12.92,-6.23,-6.314,-24.174,0.823,1.068,-0.0046,swarm_28_14.pdb
top_304_A,A,top_304_B,B,0.58,-6.45,-9.4832,-4.76,4.08,-3.444,-7.771,-5.57,-3.354,-0.0213,swarm_21_92.pdb
top_305_A,A,top_305_B,B,3.8,-7.17,-10.5231,-20.09,-15.82,-2.304,-26.209,-7.724,1.092,-0.0576,swarm_42_155.pdb
top_306_A,A,top_306_B,B,0.7,-4.82,-10.0924,15.96,13.46,-4.781,6.856,-0.178,2.415,0.027,swarm_29_181.pdb
top_307_A,A,top_307_B,B,3.12,-4.62,-9.8781,-27.56,-18.2,-8.82,-25.669,2.808,1.558,-0.125,swarm_61_5.pdb
top_308_A,A,top_308_B,B,1.1,-7.42,-10.1804,-18.88,-8.06,-5.164,-24.402,-6.793,1.511,0.07,swarm_8_190.pdb
top_309_A,A,top_309_B,B,1.22,-5.76,-10.0642,-12.89,-15.4,-0.687,-14.177,-4.38,3.343,-0.0049,swarm_51_43.pdb
top_310_A,A,top_310_B,B,-3.8,-9.27,-12.1117,-50.2,-11.9,-3.117,-10.866,-16.714,3.567,-0.158,swarm_84_75.pdb
top_311_A,A,top_311_B,B,1.48,-5.74,-9.9312,1.67,12.81,1.624,-13.193,20.249,-3.803,0.0282,swarm_0_55.pdb
top_312_A,A,top_312_B,B,-5.04,-4.01,-11.3413,34.7,37.92,-2.645,120.135,1.312,2.612,-0.1456,swarm_75_40.pdb
top_313_A,A,top_313_B,B,-1.54,-8.18,-11.5659,-23.24,-15.0,-6.707,-32.108,-9.837,1.946,-0.1006,swarm_32_181.pdb
top_314_A,A,top_314_B,B,3.14,-7.16,-10.0823,-47.72,-24.6,-9.398,-28.999,-8.961,2.158,-0.0995,swarm_17_98.pdb
top_315_A,A,top_315_B,B,3.6,-5.17,-9.5608,-17.4,7.62,0.828,-15.252,6.966,-1.32,-0.0085,swarm_49_63.pdb
top_316_A,A,top_316_B,B,-0.22,-8.43,-11.2592,-22.81,-17.05,-1.283,-24.517,-20.471,4.145,0.0314,swarm_15_59.pdb
top_317_A,A,top_317_B,B,1.9,-5.84,-9.2847,8.6,10.65,-4.36,-22.982,-1.193,0.794,-0.0595,swarm_61_127.pdb
top_318_A,A,top_318_B,B,0.02,-6.3,-9.9423,42.11,39.87,-6.45,-3.246,-1.248,0.476,0.0852,swarm_38_84.pdb
top_319_A,A,top_319_B,B,1.14,-5.09,-8.7259,60.85,37.9,-1.05,29.15,3.647,-0.356,-0.0584,swarm_38_8.pdb
top_320_A,A,top_320_B,B,3.7,-8.37,-11.2172,7.18,10.67,-5.915,-9.877,-3.189,-0.212,-0.1171,swarm_12_87.pdb
top_321_A,A,top_321_B,B,3.88,-6.64,-9.9492,8.29,23.18,-3.272,-28.239,-1.501,-1.356,0.0064,swarm_61_99.pdb
top_322_A,A,top_322_B,B,0.32,-6.85,-10.2769,-17.69,-2.49,-0.447,-20.494,-13.657,1.131,0.0241,swarm_56_100.pdb
top_323_A,A,top_323_B,B,1.54,-5.9,-9.7255,-17.03,-7.87,-4.415,-21.437,-13.412,0.049,0.0377,swarm_32_21.pdb
top_324_A,A,top_324_B,B,-0.96,-8.18,-10.9849,-38.67,-19.06,-6.075,-27.926,-21.446,3.895,-0.0593,swarm_46_92.pdb
top_325_A,A,top_325_B,B,2.38,-5.84,-9.307,-23.11,-0.2,-2.255,-14.456,0.727,-0.148,-0.0629,swarm_59_75.pdb
top_326_A,A,top_326_B,B,-0.88,-8.16,-11.3738,-15.7,-14.42,-6.622,-0.614,-11.604,3.257,-0.0582,swarm_45_93.pdb
top_327_A,A,top_327_B,B,2.52,-5.92,-10.1143,17.34,18.66,-8.702,8.588,-4.637,1.558,0.0124,swarm_28_38.pdb
top_328_A,A,top_328_B,B,-4.1,-6.22,-9.257,-24.29,-20.34,-5.28,-26.688,-9.811,4.893,-0.029,swarm_25_45.pdb
top_329_A,A,top_329_B,B,2.46,-6.33,-9.7395,-3.65,9.3,-7.963,-27.012,-5.903,-3.002,-0.0404,swarm_26_6.pdb
top_330_A,A,top_330_B,B,5.2,-7.88,-11.3237,-11.62,-6.46,-2.254,-21.846,-10.534,0.38,-0.0438,swarm_17_118.pdb
top_331_A,A,top_331_B,B,0.6,-4.4,-8.9036,30.63,25.84,-5.941,20.146,-2.897,-0.508,-0.0549,swarm_54_163.pdb
top_332_A,A,top_332_B,B,3.48,-8.44,-11.7678,7.27,14.71,-4.766,0.116,-10.361,4.321,-0.0705,swarm_67_187.pdb
top_333_A,A,top_333_B,B,-0.28,-5.75,-10.5767,-3.75,-0.8,-3.231,21.077,0.958,1.695,0.0166,swarm_52_145.pdb
top_334_A,A,top_334_B,B,2.58,-7.69,-11.7796,26.14,20.24,-9.956,24.135,-7.852,-0.253,0.0556,swarm_65_54.pdb
top_335_A,A,top_335_B,B,4.62,-6.8,-11.6149,20.75,10.46,-13.199,-25.718,1.253,1.768,-0.0124,swarm_53_86.pdb
top_336_A,A,top_336_B,B,-3.24,-9.56,-12.332,-19.27,-10.34,-5.149,-18.719,-16.036,1.489,-0.0632,swarm_60_117.pdb
top_337_A,A,top_337_B,B,1.4,-6.65,-8.9953,-2.83,-2.63,-6.097,-2.538,-6.52,2.501,0.0235,swarm_41_23.pdb
top_338_A,A,top_338_B,B,0.44,-7.21,-9.901,38.04,37.87,-1.476,-6.968,-5.498,-0.026,-0.0148,swarm_52_23.pdb
top_339_A,A,top_339_B,B,-1.82,-4.51,-7.1068,34.59,32.44,-4.553,88.338,-10.413,1.393,-0.0756,swarm_32_119.pdb
top_340_A,A,top_340_B,B,0.56,-8.36,-9.3687,-24.01,-3.2,-2.411,-16.038,-12.819,-0.285,0.0073,swarm_5_122.pdb
top_341_A,A,top_341_B,B,2.1,-6.23,-8.7609,16.56,15.45,-2.7,-1.59,-2.062,0.101,0.0029,swarm_24_77.pdb
top_342_A,A,top_342_B,B,3.8,-7.19,-9.2226,-28.25,10.91,-5.793,5.192,-9.718,0.444,0.0698,swarm_17_44.pdb
top_343_A,A,top_343_B,B,3.72,-6.16,-10.1374,-41.21,-8.09,-4.015,-10.811,-11.382,2.642,0.0656,swarm_3_129.pdb
top_344_A,A,top_344_B,B,0.66,-5.61,-8.951,-15.44,10.05,-5.598,19.74,-9.447,2.4,0.0453,swarm_33_53.pdb
top_345_A,A,top_345_B,B,2.1,-4.13,-8.3001,-0.84,1.12,-5.311,6.94,-4.184,1.696,-0.0247,swarm_47_71.pdb
top_346_A,A,top_346_B,B,3.7,-6.46,-9.3812,-22.53,-8.42,-6.997,-16.216,-7.158,-0.511,0.0349,swarm_58_57.pdb
top_347_A,A,top_347_B,B,3.84,-7.99,-11.2596,-26.56,-5.19,-0.881,-15.304,7.224,4.277,-0.0251,swarm_61_135.pdb
top_348_A,A,top_348_B,B,-3.04,-6.24,-8.9346,-20.82,-8.94,-2.2,-16.864,-17.004,4.476,-0.0674,swarm_70_137.pdb
top_349_A,A,top_349_B,B,-3.52,-8.38,-10.049,-23.21,-13.86,-0.921,-20.758,-3.529,4.34,-0.0841,swarm_73_12.pdb
top_350_A,A,top_350_B,B,2.6,-1.86,-8.9342,41.45,31.65,-3.785,-3.772,9.765,1.569,-0.0476,swarm_44_192.pdb
top_351_A,A,top_351_B,B,3.38,-7.91,-10.9017,-26.29,-22.41,-2.794,-20.207,-4.671,1.024,-0.0688,swarm_51_22.pdb
top_352_A,A,top_352_B,B,1.5,-6.64,-8.6389,6.16,15.59,-8.607,-7.383,-5.506,1.903,-0.0529,swarm_59_119.pdb
top_353_A,A,top_353_B,B,-0.38,-5.92,-9.8154,-15.73,-14.23,-3.279,-14.893,-8.745,2.218,-0.1356,swarm_5_29.pdb
top_354_A,A,top_354_B,B,2.42,-7.46,-9.1235,-22.18,-4.2,-5.741,-16.012,-5.396,2.902,-0.0481,swarm_18_64.pdb
top_355_A,A,top_355_B,B,1.68,-4.36,-9.9162,-4.95,9.19,0.538,-28.115,10.449,1.697,0.0526,swarm_3_42.pdb
top_356_A,A,top_356_B,B,8.22,-5.34,-8.3944,26.08,22.72,-5.032,13.553,4.876,-2.647,0.1256,swarm_57_42.pdb
top_357_A,A,top_357_B,B,3.62,-5.33,-9.8904,-35.2,-17.42,-13.337,-16.473,-6.591,2.638,-0.0248,swarm_14_19.pdb
top_358_A,A,top_358_B,B,2.12,-4.44,-9.8951,32.21,21.38,-9.703,-6.099,-7.954,1.436,0.0585,swarm_6_123.pdb
top_359_A,A,top_359_B,B,4.06,-6.67,-9.6795,-7.4,5.16,-7.562,-10.228,0.7,0.524,0.0787,swarm_30_193.pdb
top_360_A,A,top_360_B,B,1.6,-2.55,-7.427,34.91,33.44,-2.835,6.082,5.878,-0.727,0.1495,swarm_60_12.pdb
top_361_A,A,top_361_B,B,4.76,-7.24,-10.5147,-27.34,-11.98,-6.578,-22.13,-1.802,0.619,0.0008,swarm_40_176.pdb
top_362_A,A,top_362_B,B,-0.14,-6.4,-8.9426,-33.99,-9.11,-1.886,-23.118,-3.03,3.745,-0.0993,swarm_80_88.pdb
top_363_A,A,top_363_B,B,4.38,-5.08,-8.639,-0.03,-0.35,-12.366,-20.371,-0.093,-4.521,-0.0102,swarm_6_133.pdb
top_364_A,A,top_364_B,B,3.1,-4.94,-9.6179,23.16,17.08,-2.757,-20.772,5.135,-0.539,0.0264,swarm_76_134.pdb
top_365_A,A,top_365_B,B,2.32,-3.99,-8.9693,-20.99,0.39,-3.091,-10.996,-1.873,2.226,-0.0357,swarm_71_156.pdb
top_366_A,A,top_366_B,B,3.08,-5.35,-8.3652,40.6,34.01,-0.557,8.544,2.646,-2.352,0.0498,swarm_56_88.pdb
top_367_A,A,top_367_B,B,-2.32,-7.16,-7.9726,-10.88,-10.64,-1.854,0.271,-9.661,5.171,-0.0318,swarm_66_156.pdb
top_368_A,A,top_368_B,B,1.26,-4.39,-8.5819,0.25,6.17,4.326,-7.762,8.614,2.581,0.0654,swarm_5_45.pdb
top_369_A,A,top_369_B,B,1.9,-6.29,-9.2204,9.16,10.77,-5.178,1.415,-4.453,1.619,-0.0276,swarm_82_92.pdb
top_370_A,A,top_370_B,B,2.5,-5.28,-9.5299,-14.53,-6.05,-6.347,-22.538,-5.732,0.653,-0.0426,swarm_74_35.pdb
top_371_A,A,top_371_B,B,6.12,-5.27,-9.5984,7.38,10.77,-3.274,-23.271,4.259,0.209,0.002,swarm_54_91.pdb
top_372_A,A,top_372_B,B,3.2,-4.68,-9.8694,-23.33,-11.0,-13.047,-20.965,-0.47,-0.454,-0.0654,swarm_54_106.pdb
top_373_A,A,top_373_B,B,-1.06,-7.1,-8.7705,-7.77,7.06,-2.27,-12.727,-10.474,2.203,-0.0173,swarm_79_181.pdb
top_374_A,A,top_374_B,B,4.38,-5.22,-8.3533,-17.01,9.17,1.841,-7.676,9.452,0.215,0.0864,swarm_66_58.pdb
top_375_A,A,top_375_B,B,1.48,-7.46,-9.6738,-22.83,-5.2,-3.261,8.775,-9.404,3.224,0.0221,swarm_24_83.pdb
top_376_A,A,top_376_B,B,2.2,-5.18,-9.3924,-10.51,4.1,-4.74,-21.204,-2.39,-0.984,-0.1224,swarm_24_69.pdb
top_377_A,A,top_377_B,B,-1.24,-6.29,-9.1244,-2.69,5.96,-4.142,10.119,1.361,-0.188,-0.0144,swarm_2_24.pdb
top_378_A,A,top_378_B,B,1.7,-5.53,-9.0601,-15.35,12.87,-9.2,4.696,-0.463,0.21,-0.0868,swarm_11_185.pdb
top_379_A,A,top_379_B,B,-0.28,-5.63,-7.7133,-30.5,-11.07,-1.55,-3.333,-4.513,3.903,-0.0494,swarm_77_16.pdb
top_380_A,A,top_380_B,B,4.48,-8.21,-10.3037,-22.68,-13.39,-6.307,-34.497,-8.478,0.695,-0.0098,swarm_69_87.pdb
top_381_A,A,top_381_B,B,3.88,-6.72,-8.4543,-2.39,7.58,0.47,7.422,1.398,-1.205,0.0432,swarm_50_182.pdb
top_382_A,A,top_382_B,B,3.42,-8.14,-10.1008,-8.08,-2.54,-11.531,-12.122,-19.78,3.827,-0.0025,swarm_11_107.pdb
top_383_A,A,top_383_B,B,2.28,-5.99,-8.6165,-15.56,-7.44,-6.101,-17.53,-2.651,-0.537,-0.0849,swarm_56_28.pdb
top_384_A,A,top_384_B,B,-1.22,-7.52,-10.4146,-57.94,-28.61,-3.767,-25.913,-15.381,1.966,-0.0929,swarm_33_138.pdb
top_385_A,A,top_385_B,B,5.68,-6.54,-9.1018,-1.08,5.85,-6.401,-11.398,-0.757,-1.546,0.0803,swarm_5_38.pdb
top_386_A,A,top_386_B,B,0.68,-4.5,-8.358,22.77,22.86,1.978,1.152,-4.533,2.043,-0.0091,swarm_73_50.pdb
top_387_A,A,top_387_B,B,2.5,-1.57,-5.1081,33.09,14.7,-10.043,86.942,-4.891,3.815,-0.0342,swarm_35_21.pdb
top_388_A,A,top_388_B,B,2.48,-4.48,-8.3462,7.92,-2.07,-6.373,-18.381,3.081,2.653,0.0429,swarm_35_155.pdb
top_389_A,A,top_389_B,B,5.2,-4.01,-8.5658,16.73,18.58,1.216,-22.365,14.861,-1.379,0.0548,swarm_25_55.pdb
top_390_A,A,top_390_B,B,1.48,-7.92,-9.1615,-24.98,-7.77,-3.84,-7.521,-7.7,3.433,-0.0475,swarm_11_88.pdb
top_391_A,A,top_391_B,B,6.96,-6.57,-9.864,9.02,1.88,-5.837,-15.347,-2.422,-1.003,0.0194,swarm_6_7.pdb
top_392_A,A,top_392_B,B,5.38,-6.58,-8.9564,-21.26,-11.62,-5.196,-28.869,-1.085,0.296,0.0054,swarm_66_10.pdb
top_393_A,A,top_393_B,B,4.9,-5.14,-9.5089,18.7,10.34,1.262,-1.342,6.317,1.513,0.1171,swarm_13_187.pdb
top_394_A,A,top_394_B,B,1.46,-4.3,-8.7295,-14.7,-0.87,-9.023,-4.424,-1.109,0.535,-0.0719,swarm_26_178.pdb
top_395_A,A,top_395_B,B,-3.44,-7.18,-10.8397,-25.34,-12.75,-5.002,-10.464,-9.0,4.422,-0.0499,swarm_66_144.pdb
top_396_A,A,top_396_B,B,6.0,-3.05,-6.8949,39.12,33.09,-7.489,44.819,4.957,0.878,-0.0183,swarm_28_64.pdb
top_397_A,A,top_397_B,B,5.82,-4.88,-7.7422,15.78,3.58,-10.966,-26.79,-6.891,1.606,0.0204,swarm_25_150.pdb
top_398_A,A,top_398_B,B,6.58,-7.63,-10.055,15.8,5.58,0.654,-23.385,-9.894,0.914,0.1442,swarm_78_116.pdb
top_399_A,A,top_399_B,B,9.96,-4.19,-8.2035,23.16,19.92,-6.383,-5.083,0.96,-1.805,-0.1356,swarm_10_158.pdb
top_400_A,A,top_400_B,B,3.82,-4.66,-8.604,-8.78,3.43,-1.406,-20.215,-2.901,2.253,-0.1191,swarm_7_2.pdb
top_401_A,A,top_401_B,B,0.18,-5.19,-8.3979,-13.66,-4.85,-3.612,-10.734,-6.414,-2.215,-0.0715,swarm_21_135.pdb
top_402_A,A,top_402_B,B,0.7,-4.81,-8.887,12.3,3.76,-2.278,-7.873,-3.189,1.173,-0.0008,swarm_82_168.pdb
top_403_A,A,top_403_B,B,0.16,-3.94,-8.268,-43.6,-14.26,-2.148,-22.417,-9.035,2.546,-0.0292,swarm_15_123.pdb
top_404_A,A,top_404_B,B,-4.84,-8.21,-9.7696,6.85,-4.69,0.282,4.137,3.188,1.353,-0.0959,swarm_73_91.pdb
top_405_A,A,top_405_B,B,1.38,-4.7,-8.6034,-1.24,-9.96,-7.424,-22.795,0.658,0.809,-0.1032,swarm_26_166.pdb
top_406_A,A,top_406_B,B,3.4,-1.71,-7.3806,33.36,25.41,-0.699,-6.367,5.901,1.785,0.0567,swarm_32_25.pdb
top_407_A,A,top_407_B,B,-4.78,-7.53,-8.9138,-40.89,-19.31,-8.012,-6.172,-11.626,3.572,-0.0262,swarm_80_39.pdb
top_408_A,A,top_408_B,B,-3.86,-2.02,-4.8028,28.23,24.06,-10.897,88.395,-18.306,4.171,-0.1276,swarm_17_131.pdb
top_409_A,A,top_409_B,B,2.98,-5.65,-8.8283,-5.58,11.27,-1.0,-22.15,-3.385,-3.117,0.0729,swarm_13_104.pdb
top_410_A,A,top_410_B,B,0.38,-5.72,-8.674,-13.21,-10.14,-0.35,-15.147,-9.612,2.859,-0.0399,swarm_68_139.pdb
top_411_A,A,top_411_B,B,-1.08,-6.67,-9.709,13.48,7.72,2.187,15.183,-7.43,2.5,0.0387,swarm_84_25.pdb
top_412_A,A,top_412_B,B,0.56,-4.05,-8.1076,-21.49,-13.81,-3.006,6.247,5.616,0.396,-0.0577,swarm_50_99.pdb
top_413_A,A,top_413_B,B,-0.5,-6.37,-9.0256,-11.3,-9.67,-1.054,-27.058,9.968,2.319,-0.0098,swarm_19_101.pdb
top_414_A,A,top_414_B,B,5.14,-6.93,-9.4503,10.05,14.29,-6.904,-14.671,-8.952,-3.011,0.066,swarm_56_195.pdb
top_415_A,A,top_415_B,B,2.86,-6.2,-7.747,-3.27,1.18,-3.448,-5.972,-3.025,2.173,-0.016,swarm_50_13.pdb
top_416_A,A,top_416_B,B,0.72,-6.66,-9.7723,-31.52,-10.6,-9.616,-12.396,1.85,0.939,-0.0598,swarm_40_166.pdb
top_417_A,A,top_417_B,B,1.46,-6.58,-8.8,-22.14,-5.72,-7.39,-12.001,-5.91,0.726,0.0042,swarm_78_68.pdb
top_418_A,A,top_418_B,B,3.26,-6.97,-9.4335,-5.53,-2.42,-2.335,-28.967,-4.345,-0.435,-0.0485,swarm_11_152.pdb
top_419_A,A,top_419_B,B,1.58,-9.57,-11.1253,-16.41,-13.5,0.18,-12.458,-16.149,2.004,0.0234,swarm_55_197.pdb
top_420_A,A,top_420_B,B,7.3,-4.91,-9.1497,10.46,20.8,-10.37,-18.281,1.713,1.461,0.1933,swarm_61_149.pdb
top_421_A,A,top_421_B,B,2.7,-7.37,-11.4463,-17.28,-13.89,-8.605,-31.484,-7.345,-1.455,-0.0415,swarm_2_178.pdb
top_422_A,A,top_422_B,B,2.32,-7.47,-9.8597,-15.57,-4.09,-4.895,-19.69,-13.145,1.192,0.0697,swarm_57_159.pdb
top_423_A,A,top_423_B,B,1.08,-6.2,-8.8729,-8.18,12.35,-5.139,-12.972,-1.58,2.03,0.0254,swarm_14_36.pdb
top_424_A,A,top_424_B,B,0.5,-4.86,-7.6472,26.23,17.25,-2.963,16.41,-6.211,1.914,0.1068,swarm_41_54.pdb
top_425_A,A,top_425_B,B,2.42,-4.75,-7.6826,5.07,14.22,-2.485,10.648,0.792,1.002,0.073,swarm_18_55.pdb
top_426_A,A,top_426_B,B,0.26,-5.72,-8.4901,-31.08,-22.31,-2.764,-9.525,-9.883,0.583,-0.0682,swarm_41_27.pdb
top_427_A,A,top_427_B,B,2.58,-4.06,-8.5415,-3.2,1.21,-1.042,-14.977,2.817,-2.401,0.037,swarm_24_107.pdb
top_428_A,A,top_428_B,B,2.12,-6.19,-10.3974,-17.8,-1.22,-5.108,-20.906,-2.782,-1.884,-0.0379,swarm_45_85.pdb
top_429_A,A,top_429_B,B,1.94,-6.49,-9.438,-29.13,-18.07,-6.238,-19.886,-5.206,2.932,-0.0732,swarm_40_47.pdb
top_430_A,A,top_430_B,B,2.86,-6.01,-9.1951,-21.55,-8.44,-2.545,-28.594,-5.794,-0.09,-0.0311,swarm_4_97.pdb
top_431_A,A,top_431_B,B,-0.68,-5.3,-9.1352,-54.64,-20.38,-6.163,-19.037,-23.03,1.846,-0.0836,swarm_46_121.pdb
top_432_A,A,top_432_B,B,3.56,-5.69,-8.4901,-13.22,11.95,-1.131,-2.385,-1.916,1.306,0.1127,swarm_62_113.pdb
top_433_A,A,top_433_B,B,4.04,-4.87,-9.1888,21.18,21.73,-2.718,-24.16,0.856,-3.018,0.085,swarm_74_4.pdb
top_434_A,A,top_434_B,B,2.22,-10.9,-12.307,7.04,4.48,-7.019,-23.904,-8.898,2.557,-0.0229,swarm_78_179.pdb
top_435_A,A,top_435_B,B,-10.96,-10.22,-14.1831,-23.19,14.05,-2.994,89.877,-18.313,9.805,-0.1169,swarm_19_114.pdb
top_436_A,A,top_436_B,B,2.52,-5.51,-9.361,-7.71,9.5,8.467,2.841,18.036,-2.669,0.0776,swarm_21_61.pdb
top_437_A,A,top_437_B,B,1.6,-4.83,-8.1527,-0.98,-0.57,-1.998,-13.782,-4.0,1.744,0.0008,swarm_60_146.pdb
top_438_A,A,top_438_B,B,0.72,-6.21,-8.3042,5.32,15.16,-0.682,1.696,-4.666,1.166,0.0358,swarm_80_170.pdb
top_439_A,A,top_439_B,B,1.7,-7.48,-9.0654,8.44,9.03,-3.363,-16.353,-9.301,-0.844,0.0115,swarm_47_193.pdb
top_440_A,A,top_440_B,B,2.62,-1.15,-5.7271,33.96,31.12,-4.363,42.359,-2.897,1.816,-0.0067,swarm_53_167.pdb
top_441_A,A,top_441_B,B,1.0,-5.96,-8.1515,-31.74,-10.14,-5.194,-23.429,-10.93,2.671,-0.0567,swarm_17_41.pdb
top_442_A,A,top_442_B,B,1.96,-6.31,-9.1108,-8.94,-6.54,3.289,-18.265,10.16,0.725,0.1132,swarm_1_76.pdb
top_443_A,A,top_443_B,B,0.7,-5.15,-8.4903,6.85,-2.66,-3.027,-21.625,-9.842,1.712,0.0643,swarm_6_81.pdb
top_444_A,A,top_444_B,B,3.94,-6.25,-9.0265,3.88,-1.96,-2.195,-14.561,-5.746,-4.372,0.0988,swarm_6_4.pdb
top_445_A,A,top_445_B,B,4.22,-6.14,-8.5496,7.39,16.18,-4.201,-18.144,-5.465,-4.182,0.118,swarm_83_187.pdb
top_446_A,A,top_446_B,B,4.64,-0.87,-5.5502,65.33,50.27,-3.261,70.092,1.266,-2.118,-0.0043,swarm_4_3.pdb
top_447_A,A,top_447_B,B,4.24,-4.9,-7.8211,-8.27,-3.4,-7.706,-24.333,3.97,-1.87,0.0215,swarm_51_120.pdb
top_448_A,A,top_448_B,B,1.8,-2.41,-8.8173,-10.15,-8.78,-7.025,-26.062,8.014,0.782,0.0209,swarm_44_124.pdb
top_449_A,A,top_449_B,B,6.84,-3.96,-8.5512,13.35,3.1,1.801,-26.52,14.171,-1.578,0.0432,swarm_72_154.pdb
top_450_A,A,top_450_B,B,2.92,-5.95,-8.7084,-19.49,-5.95,3.828,-19.605,-0.344,2.728,-0.0042,swarm_18_137.pdb
top_451_A,A,top_451_B,B,-0.92,-9.12,-10.9241,-27.67,-13.91,-2.419,-22.492,-24.483,3.865,-0.0839,swarm_18_140.pdb
top_452_A,A,top_452_B,B,-1.0,-7.03,-8.7443,-3.17,-6.36,-4.214,-5.443,-1.419,1.799,-0.0053,swarm_73_86.pdb
top_453_A,A,top_453_B,B,1.4,0.38,-5.789,83.96,57.34,-7.892,64.256,4.57,0.826,0.0094,swarm_47_122.pdb
top_454_A,A,top_454_B,B,2.74,-6.58,-8.1456,0.98,4.7,-2.362,-9.052,-7.31,0.69,-0.0503,swarm_6_134.pdb
top_455_A,A,top_455_B,B,5.06,-5.5,-8.6314,11.57,16.32,-1.74,-19.758,0.98,-1.955,0.0445,swarm_17_40.pdb
top_456_A,A,top_456_B,B,2.0,-1.95,-6.0741,18.83,18.42,-7.44,14.523,-4.475,0.817,-0.0172,swarm_58_112.pdb
top_457_A,A,top_457_B,B,3.58,-5.25,-7.8275,17.63,13.88,-12.376,-2.261,-1.51,-1.076,0.0056,swarm_42_80.pdb
top_458_A,A,top_458_B,B,0.18,-9.4,-11.8591,-7.8,18.02,-2.293,-9.268,-8.847,1.821,-0.0423,swarm_49_1.pdb
top_459_A,A,top_459_B,B,-1.62,-6.65,-12.0854,9.19,7.41,-4.973,19.757,-8.069,3.473,-0.0878,swarm_15_191.pdb
top_460_A,A,top_460_B,B,3.96,-9.22,-14.0856,51.84,39.63,-6.303,100.927,-9.539,3.913,0.0186,swarm_52_62.pdb
top_461_A,A,top_461_B,B,1.02,-6.06,-7.7781,-12.44,-6.42,-5.342,5.052,-6.155,1.526,-0.0773,swarm_41_172.pdb
top_462_A,A,top_462_B,B,-0.94,-5.85,-8.7984,-16.53,-8.81,-0.018,-6.59,-16.133,1.083,0.0168,swarm_55_193.pdb
top_463_A,A,top_463_B,B,0.62,4.74,-0.6268,157.93,121.56,-7.17,223.224,5.5,0.401,-0.1031,swarm_41_79.pdb
top_464_A,A,top_464_B,B,4.58,-5.84,-8.9172,-4.29,8.48,-7.262,-35.04,-9.818,-4.58,0.0944,swarm_6_97.pdb
top_465_A,A,top_465_B,B,-3.28,-5.2,-9.1648,-5.8,-1.57,-4.21,-9.161,-15.738,1.505,-0.0554,swarm_62_106.pdb
top_466_A,A,top_466_B,B,4.62,-5.67,-8.0118,-18.1,-4.04,-1.602,-27.691,1.466,-0.956,-0.0041,swarm_22_171.pdb
top_467_A,A,top_467_B,B,5.92,-5.57,-7.7008,2.4,9.21,-6.803,-10.59,-2.49,-2.679,0.0157,swarm_25_149.pdb
top_468_A,A,top_468_B,B,2.6,-7.01,-8.6062,-31.41,-12.15,-2.107,-25.013,2.002,-0.212,-0.0096,swarm_18_28.pdb
top_469_A,A,top_469_B,B,3.26,-4.35,-8.735,-1.82,5.87,-4.548,-11.583,0.297,-0.823,-0.0304,swarm_15_130.pdb
top_470_A,A,top_470_B,B,1.66,-6.0,-8.0505,-19.53,-6.43,-6.152,0.62,-9.127,2.631,-0.0169,swarm_83_136.pdb
top_471_A,A,top_471_B,B,3.5,-4.6,-7.4299,34.86,36.37,-3.099,13.613,1.223,1.395,0.1508,swarm_29_81.pdb
top_472_A,A,top_472_B,B,5.84,-4.3,-9.3452,-15.9,21.15,1.035,-25.935,13.653,-3.075,0.0357,swarm_83_189.pdb
top_473_A,A,top_473_B,B,1.22,-2.75,-7.104,0.06,9.62,-2.388,-13.987,1.438,1.668,-0.0379,swarm_58_174.pdb
top_474_A,A,top_474_B,B,0.74,-4.83,-8.5361,-32.57,-10.72,-3.07,-23.694,-6.745,1.487,-0.0637,swarm_60_150.pdb
top_475_A,A,top_475_B,B,0.38,-5.52,-8.0227,31.19,17.99,-5.897,-0.022,-7.711,1.266,-0.0588,swarm_2_125.pdb
top_476_A,A,top_476_B,B,0.62,-4.63,-7.2521,-1.17,2.99,-5.165,-15.298,-3.52,-0.167,0.0286,swarm_69_56.pdb
top_477_A,A,top_477_B,B,0.1,-6.43,-8.4924,-23.96,4.39,3.968,-22.596,9.12,0.498,0.0424,swarm_82_5.pdb
top_478_A,A,top_478_B,B,-0.06,-3.9,-7.8481,10.85,-6.61,-3.766,25.653,-6.247,1.078,-0.082,swarm_51_59.pdb
top_479_A,A,top_479_B,B,3.48,-4.28,-8.4046,-1.1,-5.19,-7.145,-15.588,0.993,0.459,0.0554,swarm_80_108.pdb
top_480_A,A,top_480_B,B,-1.18,-7.66,-10.8042,-31.53,-22.17,-4.066,-21.116,-3.754,3.671,-0.1352,swarm_27_199.pdb
top_481_A,A,top_481_B,B,3.82,-2.87,-7.8066,40.55,32.18,-4.134,-6.467,-1.786,-3.254,0.0245,swarm_69_104.pdb
top_482_A,A,top_482_B,B,-0.78,-7.27,-9.5504,-8.07,-12.96,-6.824,-13.794,-13.945,2.944,-0.03,swarm_1_122.pdb
top_483_A,A,top_483_B,B,1.66,-0.48,-4.4604,52.38,25.79,-0.98,77.07,-9.916,0.565,0.0989,swarm_58_137.pdb
top_484_A,A,top_484_B,B,0.18,-5.28,-8.4934,-12.18,5.22,-12.891,-7.706,-12.923,3.118,0.056,swarm_68_163.pdb
top_485_A,A,top_485_B,B,7.16,-3.39,-8.5874,22.84,36.69,5.451,-25.206,17.033,-2.535,0.1216,swarm_9_62.pdb
top_486_A,A,top_486_B,B,1.36,-6.9,-8.9143,-16.27,-0.08,-1.049,-23.189,-6.289,0.257,0.024,swarm_29_171.pdb
top_487_A,A,top_487_B,B,-4.94,-2.39,-5.2827,27.12,24.95,-5.566,170.502,1.07,2.022,0.0854,swarm_2_39.pdb
top_488_A,A,top_488_B,B,2.82,-5.76,-7.5504,10.9,10.01,-5.554,-8.884,-0.374,-1.837,0.0374,swarm_5_145.pdb
top_489_A,A,top_489_B,B,2.0,-3.11,-6.9226,3.43,10.39,-4.351,22.019,-2.482,1.67,-0.0053,swarm_51_132.pdb
top_490_A,A,top_490_B,B,0.68,-4.87,-8.5559,-12.7,-8.5,-4.475,-22.763,-5.656,2.561,0.0127,swarm_55_97.pdb
top_491_A,A,top_491_B,B,1.38,-3.24,-8.5394,-10.28,-0.66,-8.625,-26.36,-4.131,0.93,0.0537,swarm_4_127.pdb
top_492_A,A,top_492_B,B,0.24,-5.09,-8.6251,0.28,4.75,-7.818,-14.899,-3.799,-1.014,-0.0317,swarm_38_13.pdb
top_493_A,A,top_493_B,B,1.98,-6.97,-8.9321,-3.2,-5.73,-4.195,-18.141,-12.849,2.744,-0.0024,swarm_18_151.pdb
top_494_A,A,top_494_B,B,1.92,-6.31,-7.0879,-16.52,-4.18,-1.479,-16.393,-5.423,-2.58,0.0132,swarm_41_20.pdb
top_495_A,A,top_495_B,B,2.4,-3.78,-8.1062,6.32,5.12,-2.334,-14.063,-2.022,-0.354,0.0103,swarm_45_191.pdb
top_496_A,A,top_496_B,B,-2.64,-5.49,-9.6275,-18.79,-8.11,-4.437,-21.986,-16.248,3.108,-0.0502,swarm_74_166.pdb
top_497_A,A,top_497_B,B,5.94,-4.62,-7.3622,41.78,49.05,-3.661,-5.355,-2.626,-4.088,0.1447,swarm_3_39.pdb
top_498_A,A,top_498_B,B,2.5,-6.95,-8.9185,-12.06,-1.31,-4.435,-27.483,-8.964,-1.099,-0.0147,swarm_28_39.pdb
top_499_A,A,top_499_B,B,4.1,-4.39,-7.4387,-21.97,-3.06,-10.59,-24.697,-2.171,-2.599,0.0778,swarm_44_114.pdb
top_500_A,A,top_500_B,B,5.08,-5.76,-8.9417,0.38,5.82,-16.525,-27.331,-3.877,-0.233,-0.006,swarm_30_115.pdb
top_501_A,A,top_501_B,B,0.4,-6.37,-8.2452,-13.88,-3.75,5.099,-19.611,-0.536,-0.172,0.0306,swarm_3_12.pdb
top_502_A,A,top_502_B,B,2.94,-6.33,-9.7505,-13.62,1.98,-1.089,-7.206,1.231,2.448,-0.0086,swarm_36_10.pdb
top_503_A,A,top_503_B,B,6.08,-4.7,-8.5395,12.23,8.53,-12.598,-16.145,2.375,-0.643,-0.0841,swarm_14_171.pdb
top_504_A,A,top_504_B,B,2.22,-4.06,-7.6959,31.66,39.11,-4.071,-3.984,-4.823,-0.677,-0.042,swarm_85_74.pdb
top_505_A,A,top_505_B,B,2.78,-4.35,-8.6194,-7.71,-5.98,0.228,-22.208,6.248,-0.225,0.0463,swarm_76_65.pdb
top_506_A,A,top_506_B,B,0.24,-3.39,-6.3732,0.96,9.35,-2.679,8.893,-0.237,4.462,-0.0868,swarm_19_74.pdb
top_507_A,A,top_507_B,B,1.1,-3.38,-7.3318,11.51,9.14,-4.662,-5.056,0.868,0.228,-0.0292,swarm_42_100.pdb
top_508_A,A,top_508_B,B,5.2,-6.92,-8.2815,-7.82,-3.54,-0.932,-33.102,1.41,-0.997,0.0502,swarm_59_20.pdb
top_509_A,A,top_509_B,B,2.78,-5.26,-7.8718,-37.08,-12.17,-6.214,-17.747,-2.388,-1.634,-0.0528,swarm_76_41.pdb
top_510_A,A,top_510_B,B,-4.98,-3.66,-6.9684,0.19,11.16,-3.784,48.169,-17.172,5.279,-0.0306,swarm_18_14.pdb
top_511_A,A,top_511_B,B,2.6,-4.03,-8.4773,6.87,13.1,-0.791,-1.238,8.146,-1.133,-0.0028,swarm_54_44.pdb
top_512_A,A,top_512_B,B,1.9,-3.74,-7.6974,-20.09,-13.98,-11.193,-23.677,-0.871,2.904,-0.0186,swarm_58_54.pdb
top_513_A,A,top_513_B,B,1.42,-5.51,-7.9947,3.75,10.02,-6.954,-11.0,-15.433,0.854,0.0044,swarm_28_122.pdb
top_514_A,A,top_514_B,B,-1.04,-6.3,-8.2582,-0.72,-2.63,-3.828,-8.167,-8.748,1.96,-0.0533,swarm_65_64.pdb
top_515_A,A,top_515_B,B,1.86,-4.62,-8.9193,-14.21,-7.71,1.692,-28.203,-3.844,1.205,0.0144,swarm_4_171.pdb
top_516_A,A,top_516_B,B,-1.34,-7.39,-9.4171,-23.38,-16.37,-6.464,0.197,-0.511,2.094,-0.0627,swarm_2_152.pdb
top_517_A,A,top_517_B,B,0.46,-5.37,-8.5157,18.86,19.07,0.625,-2.361,5.288,-0.21,-0.0272,swarm_0_36.pdb
top_518_A,A,top_518_B,B,6.1,-4.28,-7.9866,-8.35,6.69,-5.573,-27.198,-7.55,-2.648,0.087,swarm_30_65.pdb
top_519_A,A,top_519_B,B,5.62,-6.39,-8.3531,-2.81,-4.38,-4.726,-27.396,-4.322,1.276,0.0526,swarm_17_29.pdb
top_520_A,A,top_520_B,B,-2.8,-6.32,-9.0707,45.33,28.9,-1.732,27.887,0.16,2.269,0.0357,swarm_65_33.pdb
top_521_A,A,top_521_B,B,0.54,-5.93,-7.2336,-5.76,1.9,2.61,-11.611,5.955,-3.421,0.0204,swarm_12_79.pdb
top_522_A,A,top_522_B,B,2.72,-1.96,-6.5337,48.37,45.28,-5.699,24.11,-0.182,-0.068,0.0912,swarm_5_151.pdb
top_523_A,A,top_523_B,B,3.68,-5.09,-8.2872,17.86,16.0,-4.364,-6.634,8.322,-1.323,-0.0223,swarm_24_6.pdb
top_524_A,A,top_524_B,B,2.22,-4.42,-7.1758,-32.2,-16.32,-9.477,-14.626,-2.419,0.895,0.021,swarm_13_72.pdb
top_525_A,A,top_525_B,B,-1.06,2.93,-2.9523,114.39,69.71,-9.404,156.295,-11.109,4.782,0.0014,swarm_28_9.pdb
top_526_A,A,top_526_B,B,1.26,-5.02,-7.9341,29.82,-0.4,-5.916,-18.464,-3.325,3.607,0.0404,swarm_48_135.pdb
top_527_A,A,top_527_B,B,3.18,-6.17,-9.0238,22.48,3.72,-4.795,-14.122,-11.921,1.103,0.0481,swarm_66_71.pdb
top_528_A,A,top_528_B,B,3.2,-6.1,-8.1271,-16.26,-0.23,-12.955,-20.893,-9.3,0.016,-0.0211,swarm_10_196.pdb
top_529_A,A,top_529_B,B,2.78,-6.3,-7.5843,-7.7,0.88,-4.208,-18.183,-7.636,0.267,0.0225,swarm_60_125.pdb
top_530_A,A,top_530_B,B,3.28,-7.05,-8.7155,-25.87,-16.63,-4.708,-22.759,-4.734,-0.086,-0.0555,swarm_67_100.pdb
top_531_A,A,top_531_B,B,0.32,-10.01,-12.4848,6.38,20.51,-6.521,16.991,-6.594,2.057,-0.0633,swarm_59_91.pdb
top_532_A,A,top_532_B,B,1.38,-3.55,-6.9836,-33.37,-15.75,-2.135,-18.274,-1.574,1.416,-0.0744,swarm_25_133.pdb
top_533_A,A,top_533_B,B,2.84,-0.39,-7.6089,15.43,33.44,-6.207,75.969,-4.216,3.592,0.0729,swarm_27_178.pdb
top_534_A,A,top_534_B,B,4.02,-6.86,-8.8881,-38.06,-18.44,-9.38,-26.663,-4.997,-3.3,-0.0973,swarm_10_168.pdb
top_535_A,A,top_535_B,B,0.28,-5.3,-6.7446,-7.99,-0.68,-2.458,-10.729,1.598,0.097,-0.0617,swarm_68_40.pdb
top_536_A,A,top_536_B,B,2.72,-5.11,-7.7611,10.56,11.14,-1.62,6.902,-2.052,0.628,0.0278,swarm_14_44.pdb
top_537_A,A,top_537_B,B,6.12,-3.8,-7.8377,32.95,15.96,0.119,8.605,-3.823,1.619,0.0299,swarm_72_49.pdb
top_538_A,A,top_538_B,B,5.18,-5.84,-7.9851,-4.67,1.5,-6.011,-16.387,2.229,-2.413,-0.0197,swarm_14_6.pdb
top_539_A,A,top_539_B,B,5.52,-6.9,-7.9868,-6.26,0.26,-0.276,-18.963,0.954,-1.515,0.0378,swarm_59_59.pdb
top_540_A,A,top_540_B,B,3.46,-5.18,-7.782,-11.38,-1.97,-2.155,-17.35,3.687,-1.727,-0.0099,swarm_4_141.pdb
top_541_A,A,top_541_B,B,0.88,-2.46,-6.3319,24.33,34.14,-6.025,37.488,-9.648,2.447,-0.099,swarm_71_89.pdb
top_542_A,A,top_542_B,B,0.2,-5.17,-7.6611,-15.69,-3.65,-0.335,-15.314,-0.886,2.738,0.0364,swarm_25_177.pdb
top_543_A,A,top_543_B,B,0.28,-5.45,-8.0484,-6.51,-0.21,0.054,-13.009,-0.983,3.16,-0.0553,swarm_72_180.pdb
top_544_A,A,top_544_B,B,5.1,-1.79,-7.3778,13.32,11.73,0.378,-7.505,11.398,-1.616,0.02,swarm_74_90.pdb
top_545_A,A,top_545_B,B,1.06,-3.62,-7.6318,-43.87,-16.56,-3.178,-21.274,-3.389,2.702,-0.0631,swarm_48_5.pdb
top_546_A,A,top_546_B,B,3.38,-6.17,-9.529,-5.23,6.32,-5.036,-27.085,-5.675,3.624,-0.0552,swarm_7_14.pdb
top_547_A,A,top_547_B,B,4.72,-5.23,-7.7002,-4.58,-7.76,-4.4,-27.296,0.258,-1.678,-0.0273,swarm_48_71.pdb
top_548_A,A,top_548_B,B,2.8,-4.79,-7.6031,-10.23,-7.74,-9.782,-24.147,0.464,1.415,-0.0649,swarm_28_63.pdb
top_549_A,A,top_549_B,B,-4.3,-7.29,-7.6568,13.13,2.31,1.215,-2.448,-6.275,2.121,-0.0595,swarm_68_107.pdb
top_550_A,A,top_550_B,B,-1.64,-5.69,-8.1922,-33.28,-15.95,2.83,-11.691,-8.608,1.928,-0.0016,swarm_59_45.pdb
top_551_A,A,top_551_B,B,-2.88,-3.95,-6.7266,1.9,2.21,-1.866,5.132,-6.033,3.392,-0.0489,swarm_7_135.pdb
top_552_A,A,top_552_B,B,5.52,-3.12,-7.9785,-4.78,0.73,-2.281,-24.188,13.1,-1.105,0.1463,swarm_30_165.pdb
top_553_A,A,top_553_B,B,1.56,-8.26,-10.7986,-48.32,-18.76,-4.745,-22.822,-5.097,3.0,-0.1951,swarm_46_171.pdb
top_554_A,A,top_554_B,B,7.44,-6.74,-11.7407,11.82,17.08,-3.638,-23.159,-0.09,-0.486,0.1334,swarm_74_76.pdb
top_555_A,A,top_555_B,B,-5.48,-7.49,-9.5646,-10.43,-15.83,-4.161,-19.573,-7.454,4.002,-0.0893,swarm_84_126.pdb
top_556_A,A,top_556_B,B,1.68,-3.7,-7.2181,0.25,7.5,-0.899,-17.326,1.966,-2.026,0.0627,swarm_15_169.pdb
top_557_A,A,top_557_B,B,1.1,-4.13,-7.4964,1.08,-8.2,1.642,-22.392,-1.159,-0.109,-0.0232,swarm_48_172.pdb
top_558_A,A,top_558_B,B,3.62,-3.93,-7.7558,0.12,5.53,1.993,-26.243,11.25,-0.076,0.012,swarm_35_40.pdb
top_559_A,A,top_559_B,B,5.54,-4.95,-9.2473,17.47,26.86,2.478,-12.355,14.938,-3.39,-0.0335,swarm_54_51.pdb
top_560_A,A,top_560_B,B,2.26,-5.1,-7.8944,-1.67,4.34,-1.099,-15.689,-2.375,-0.546,-0.0434,swarm_22_76.pdb
top_561_A,A,top_561_B,B,0.16,-6.2,-10.4245,49.53,50.43,-5.136,96.915,-11.595,5.019,0.0184,swarm_66_32.pdb
top_562_A,A,top_562_B,B,5.82,-7.38,-12.6563,-1.47,18.25,-5.479,32.328,-3.713,-0.337,0.099,swarm_32_51.pdb
top_563_A,A,top_563_B,B,5.8,-4.93,-7.0584,19.38,18.74,-6.895,-13.473,-3.85,-4.391,0.0504,swarm_56_11.pdb
top_564_A,A,top_564_B,B,2.64,-4.37,-7.7972,-7.07,-9.59,-5.881,-28.976,5.344,0.272,-0.0123,swarm_26_23.pdb
top_565_A,A,top_565_B,B,5.08,-5.65,-7.5866,-4.57,2.02,-0.328,-18.704,-3.217,1.158,0.0769,swarm_51_9.pdb
top_566_A,A,top_566_B,B,-0.6,-5.5,-7.4859,-38.34,-11.64,-5.803,-9.729,-5.678,3.913,-0.0266,swarm_25_20.pdb
top_567_A,A,top_567_B,B,0.36,-3.85,-7.6556,-10.76,-7.13,-5.366,-21.403,-3.54,2.946,-0.0131,swarm_57_189.pdb
top_568_A,A,top_568_B,B,4.48,-6.75,-8.9652,-16.13,-7.58,-2.776,-27.112,1.74,-0.924,0.0298,swarm_27_103.pdb
top_569_A,A,top_569_B,B,0.46,-4.09,-7.0988,23.01,9.3,-1.62,1.136,0.014,0.044,-0.0147,swarm_41_184.pdb
top_570_A,A,top_570_B,B,1.24,-4.37,-7.4577,-16.73,-13.11,-3.636,-13.958,-6.1,-1.316,-0.0932,swarm_85_26.pdb
top_571_A,A,top_571_B,B,3.14,-5.33,-8.114,-3.74,-3.96,-7.359,-14.995,-3.016,0.191,0.0121,swarm_24_109.pdb
top_572_A,A,top_572_B,B,5.66,-3.6,-8.399,42.05,27.07,-9.899,-26.546,3.621,-3.171,0.0343,swarm_4_47.pdb
top_573_A,A,top_573_B,B,3.28,-4.25,-8.027,12.16,2.36,-2.026,-19.562,-3.958,-1.647,0.0414,swarm_74_151.pdb
top_574_A,A,top_574_B,B,1.54,-3.87,-7.3154,14.16,25.61,2.317,2.219,10.83,0.157,0.0839,swarm_63_93.pdb
top_575_A,A,top_575_B,B,2.84,-7.35,-10.2436,11.53,19.13,1.619,0.923,5.467,0.982,0.057,swarm_11_184.pdb
top_576_A,A,top_576_B,B,0.94,-5.57,-7.1817,-23.74,-12.98,-3.096,-19.436,-9.268,1.451,-0.0154,swarm_82_56.pdb
top_577_A,A,top_577_B,B,4.38,-3.76,-7.1483,4.86,27.36,-0.364,4.382,8.936,-1.163,0.1513,swarm_42_90.pdb
top_578_A,A,top_578_B,B,-1.84,-4.12,-6.162,7.65,1.95,-3.788,2.405,-6.876,2.44,-0.0005,swarm_84_109.pdb
top_579_A,A,top_579_B,B,1.76,-7.19,-8.9679,-19.36,-18.07,2.569,-29.776,-4.401,4.547,0.0275,swarm_66_147.pdb
top_580_A,A,top_580_B,B,1.32,-2.47,-7.1135,-5.74,-2.23,-10.096,-15.74,2.701,1.103,0.0169,swarm_38_119.pdb
top_581_A,A,top_581_B,B,3.14,-4.89,-8.0664,13.64,3.72,-0.557,-18.709,0.709,1.822,0.0186,swarm_59_1.pdb
top_582_A,A,top_582_B,B,4.8,-7.09,-10.3128,-4.4,6.56,-2.659,-27.544,-1.05,1.758,0.0268,swarm_13_24.pdb
top_583_A,A,top_583_B,B,2.3,-5.67,-7.9329,-22.03,-13.01,0.011,-22.151,-10.137,0.546,0.0902,swarm_68_191.pdb
top_584_A,A,top_584_B,B,3.76,-5.42,-7.53,-0.58,-4.77,-5.878,-21.807,1.549,-4.002,-0.0614,swarm_45_32.pdb
top_585_A,A,top_585_B,B,4.42,-5.45,-7.8116,4.07,10.02,-3.661,-21.282,4.337,0.984,-0.0048,swarm_35_138.pdb
top_586_A,A,top_586_B,B,-1.86,-4.55,-7.3194,-9.33,-2.81,-6.733,-16.165,-15.002,1.958,-0.0418,swarm_83_142.pdb
top_587_A,A,top_587_B,B,0.16,-4.5,-7.9881,-18.69,-5.45,-0.314,-17.058,-4.384,1.884,-0.0023,swarm_57_104.pdb
top_588_A,A,top_588_B,B,3.32,-5.26,-7.6947,-6.44,-3.01,-4.118,-21.652,-3.506,1.485,0.0146,swarm_44_27.pdb
top_589_A,A,top_589_B,B,-3.3,-0.26,-4.6656,28.63,38.11,-4.382,121.128,-3.371,3.157,-0.0758,swarm_51_196.pdb
top_590_A,A,top_590_B,B,-0.8,-5.16,-7.0326,-22.05,-12.21,-3.912,-13.778,-0.708,1.926,-0.0651,swarm_84_39.pdb
top_591_A,A,top_591_B,B,3.44,-4.4,-8.0985,13.3,11.88,-2.541,-25.603,-3.071,0.688,0.0656,swarm_38_94.pdb
top_592_A,A,top_592_B,B,4.02,-6.56,-9.4447,14.1,7.33,1.264,-36.886,7.187,-0.673,0.005,swarm_4_29.pdb
top_593_A,A,top_593_B,B,4.38,-4.55,-7.6797,33.6,27.44,-9.043,-10.382,-4.099,-3.123,-0.0217,swarm_69_111.pdb
top_594_A,A,top_594_B,B,-1.0,-4.97,-6.685,-2.66,4.05,-1.24,-4.46,-6.556,3.159,-0.0174,swarm_43_193.pdb
top_595_A,A,top_595_B,B,2.96,-1.66,-5.7866,-3.79,5.2,-2.058,-18.018,9.314,0.358,-0.05,swarm_45_178.pdb
top_596_A,A,top_596_B,B,4.08,-2.54,-7.1586,-7.64,-0.02,-10.173,-20.654,3.303,0.078,0.025,swarm_44_108.pdb
top_597_A,A,top_597_B,B,2.94,-3.48,-7.6411,-4.12,4.98,-7.97,-17.995,-2.875,-0.053,0.0385,swarm_81_178.pdb
top_598_A,A,top_598_B,B,3.88,-4.58,-7.2381,2.56,-7.28,-6.807,-23.773,7.546,0.456,-0.0018,swarm_26_11.pdb
top_599_A,A,top_599_B,B,3.76,-6.27,-8.9835,-3.49,-5.94,-8.575,-21.691,-0.506,0.448,-0.0412,swarm_28_185.pdb
top_600_A,A,top_600_B,B,1.92,-2.55,-6.9831,-10.06,0.57,-1.632,-24.105,5.638,0.589,0.0377,swarm_45_59.pdb
top_601_A,A,top_601_B,B,4.92,-4.35,-7.3641,-0.5,1.53,-5.556,-5.781,-2.774,-0.26,0.1364,swarm_5_164.pdb
top_602_A,A,top_602_B,B,1.26,-1.41,-5.8893,30.96,19.04,-5.621,-11.047,1.533,1.181,0.0348,swarm_7_161.pdb
top_603_A,A,top_603_B,B,2.86,-7.7,-11.5885,-30.98,-17.51,-8.998,-29.34,-0.24,1.281,-0.0583,swarm_29_135.pdb
top_604_A,A,top_604_B,B,2.2,-3.11,-6.2395,-3.94,4.93,-2.774,13.671,-5.032,2.687,0.0604,swarm_11_167.pdb
top_605_A,A,top_605_B,B,0.78,-4.2,-7.2,-10.2,-6.39,-8.529,-16.887,-4.355,0.97,-0.0672,swarm_58_134.pdb
top_606_A,A,top_606_B,B,1.44,-2.6,-6.5571,-9.02,-5.45,-4.65,-12.122,1.236,0.846,0.0457,swarm_53_36.pdb
top_607_A,A,top_607_B,B,2.12,-2.96,-8.6175,-19.78,-2.84,-14.076,-24.892,1.374,-1.362,-0.0294,swarm_40_185.pdb
top_608_A,A,top_608_B,B,3.0,-6.5,-9.1597,58.42,50.05,-0.465,29.033,2.892,-3.137,0.1485,swarm_42_11.pdb
top_609_A,A,top_609_B,B,3.48,-4.94,-7.6769,-4.5,-2.31,-4.84,-17.347,2.381,0.599,-0.0345,swarm_7_96.pdb
top_610_A,A,top_610_B,B,3.58,-4.21,-7.0804,10.73,9.9,-2.772,-14.11,10.236,-0.358,-0.023,swarm_7_179.pdb
top_611_A,A,top_611_B,B,5.1,-4.1,-7.2714,7.18,22.45,-6.169,7.963,1.403,-1.341,-0.0468,swarm_37_184.pdb
top_612_A,A,top_612_B,B,1.46,-3.88,-8.0486,-27.99,-16.09,-8.169,-28.222,-0.907,-1.099,-0.0787,swarm_44_94.pdb
top_613_A,A,top_613_B,B,5.94,-5.45,-8.6414,5.46,4.16,-7.38,-16.593,3.338,0.587,-0.0387,swarm_83_140.pdb
top_614_A,A,top_614_B,B,1.38,0.35,-3.3548,39.86,41.92,-1.712,70.986,-1.599,0.931,0.054,swarm_14_88.pdb
top_615_A,A,top_615_B,B,3.22,-6.75,-7.5418,-8.22,-7.07,-2.777,-11.226,-7.526,1.027,-0.0323,swarm_14_64.pdb
top_616_A,A,top_616_B,B,2.94,-5.13,-7.5019,-3.22,-1.86,-7.661,-22.327,1.413,1.259,0.0333,swarm_23_40.pdb
top_617_A,A,top_617_B,B,1.1,-3.52,-6.6618,4.52,7.82707232361e-15,-4.322,-14.302,0.461,1.81,0.1147,swarm_44_28.pdb
top_618_A,A,top_618_B,B,4.98,-5.9,-8.889,5.67,13.49,-10.686,-7.391,1.112,0.878,0.0572,swarm_66_110.pdb
top_619_A,A,top_619_B,B,3.12,-4.66,-7.3718,-29.06,-8.22,-12.113,-14.512,-5.58,-0.969,0.0021,swarm_56_145.pdb
top_620_A,A,top_620_B,B,2.54,-3.42,-7.49,-1.04,5.3,-2.268,-2.364,3.816,-1.513,0.0237,swarm_58_20.pdb
top_621_A,A,top_621_B,B,5.26,-4.73,-7.4027,-5.16,-3.53,-4.187,-6.059,-1.392,-1.546,0.0562,swarm_58_3.pdb
top_622_A,A,top_622_B,B,0.58,-3.11,-7.8257,-9.22,-3.79,-10.4,-26.254,2.561,1.768,-0.0456,swarm_53_90.pdb
top_623_A,A,top_623_B,B,0.52,-3.56,-6.9334,-5.81,-0.29,-1.911,0.617,-0.211,1.033,-0.0261,swarm_57_35.pdb
top_624_A,A,top_624_B,B,3.78,-2.67,-6.7074,12.87,0.44,-0.644,-10.213,10.454,1.127,-0.073,swarm_24_145.pdb
top_625_A,A,top_625_B,B,-0.1,-4.58,-7.2776,-16.28,-6.47,-7.066,-18.977,-1.603,0.69,-0.0148,swarm_53_59.pdb
top_626_A,A,top_626_B,B,2.94,-3.17,-6.643,-12.48,-3.53,-4.295,-14.121,-4.27,-0.009,-0.0382,swarm_4_157.pdb
top_627_A,A,top_627_B,B,1.54,-3.73,-6.4647,-14.01,-15.41,-6.325,-17.329,-3.949,1.167,0.0366,swarm_55_175.pdb
top_628_A,A,top_628_B,B,0.8,-6.62,-7.9003,-23.59,-14.51,-2.065,-19.484,-6.248,3.398,-0.0559,swarm_36_199.pdb
top_629_A,A,top_629_B,B,1.8,-4.18,-6.877,-19.82,-12.04,-1.168,-18.804,-4.309,1.269,-0.05,swarm_14_185.pdb
top_630_A,A,top_630_B,B,1.2,-3.67,-6.1767,-22.6,-7.81,-8.78,-11.208,-2.111,1.795,-0.0497,swarm_1_58.pdb
top_631_A,A,top_631_B,B,0.8,-7.16,-10.3039,-15.78,-6.88,0.131,-15.517,-13.19,0.709,0.1224,swarm_10_198.pdb
top_632_A,A,top_632_B,B,-0.88,-2.91,-6.3359,-9.62,-4.2,-5.374,-11.203,-1.632,1.627,-0.0267,swarm_48_12.pdb
top_633_A,A,top_633_B,B,2.26,1.57,-3.4115,24.16,19.24,-8.4,59.98,3.455,-0.084,-0.2246,swarm_4_160.pdb
top_634_A,A,top_634_B,B,1.16,-0.62,-4.8928,53.69,34.95,-1.239,47.194,-2.148,1.452,0.066,swarm_11_142.pdb
top_635_A,A,top_635_B,B,3.32,-6.57,-7.6923,2.55,6.78,-2.149,-12.442,-5.718,1.607,0.0694,swarm_11_14.pdb
top_636_A,A,top_636_B,B,2.06,-1.74,-6.0391,6.37,14.45,-7.797,-3.875,-6.427,1.823,0.0572,swarm_26_126.pdb
top_637_A,A,top_637_B,B,4.24,-5.44,-7.1657,9.68,-0.78,2.334,-16.595,2.985,1.631,0.0312,swarm_39_199.pdb
top_638_A,A,top_638_B,B,1.18,-4.79,-5.799,0.53,7.97,-2.822,2.509,-1.839,-2.921,-0.0368,swarm_31_199.pdb
top_639_A,A,top_639_B,B,4.88,-4.71,-6.7294,1.43,6.99,6.739,-3.884,15.881,-0.9,-0.0201,swarm_29_56.pdb
top_640_A,A,top_640_B,B,0.84,-2.28,-6.6815,15.45,7.88,-4.01,24.572,-0.387,-0.326,0.0828,swarm_65_41.pdb
top_641_A,A,top_641_B,B,3.32,-1.62,-8.4468,-13.45,2.54,2.834,-21.522,20.605,-0.858,0.0383,swarm_81_52.pdb
top_642_A,A,top_642_B,B,0.6,-4.69,-7.619,-8.41,-4.76,-1.179,-32.151,8.795,0.43,0.0059,swarm_19_157.pdb
top_643_A,A,top_643_B,B,5.52,-3.15,-7.011,17.55,2.93,-5.729,6.308,1.174,-4.655,0.0831,swarm_4_196.pdb
top_644_A,A,top_644_B,B,1.0,-4.39,-6.4144,-15.85,-11.68,-4.239,-22.109,-6.628,1.223,-0.0303,swarm_10_176.pdb
top_645_A,A,top_645_B,B,1.9,-5.77,-7.9644,-12.31,-4.32,-0.898,-29.168,-4.86,3.4,-0.0055,swarm_39_68.pdb
top_646_A,A,top_646_B,B,3.12,-0.14,-4.223,35.37,36.39,-2.436,59.367,3.909,3.775,0.136,swarm_72_117.pdb
top_647_A,A,top_647_B,B,0.26,-5.1,-6.9738,9.58,13.42,5.432,-0.304,10.542,0.009,-0.0117,swarm_28_180.pdb
top_648_A,A,top_648_B,B,0.16,-5.64,-8.8858,18.09,5.29,-0.301,-9.414,-5.56,-0.001,-0.014,swarm_82_149.pdb
top_649_A,A,top_649_B,B,2.6,-4.87,-7.4722,2.76,3.95,-0.659,-7.669,4.29,-0.785,0.0051,swarm_39_70.pdb
top_650_A,A,top_650_B,B,4.46,-3.65,-6.7039,20.57,3.43,-1.979,-13.161,-7.206,0.855,0.0214,swarm_80_115.pdb
top_651_A,A,top_651_B,B,-2.32,-6.33,-10.6503,64.67,35.61,-5.231,66.512,-0.036,0.828,0.1227,swarm_82_93.pdb
top_652_A,A,top_652_B,B,-1.26,-5.61,-6.251,-3.85,-2.98,-4.26,-0.206,-4.493,3.84,-0.0673,swarm_34_10.pdb
top_653_A,A,top_653_B,B,-0.06,-3.16,-6.0237,-28.97,-16.34,-0.575,-19.214,1.642,2.779,-0.0776,swarm_80_12.pdb
top_654_A,A,top_654_B,B,-1.8,-9.88,-14.9709,1.39,-0.09,5.851,41.111,2.686,3.06,-0.0757,swarm_74_195.pdb
top_655_A,A,top_655_B,B,1.42,-4.99,-7.9159,-30.0,-16.42,-2.192,-20.172,-7.04,-0.19,-0.0395,swarm_39_95.pdb
top_656_A,A,top_656_B,B,1.78,-6.64,-9.969,-9.99,-10.1,-2.863,-22.445,-5.243,-0.557,-0.037,swarm_73_111.pdb
top_657_A,A,top_657_B,B,0.82,-2.59,-5.2268,-10.98,-5.64,3.663,-9.571,2.739,1.072,-0.0076,swarm_58_31.pdb
top_658_A,A,top_658_B,B,2.26,-1.35,-5.3269,17.53,13.13,-1.679,-4.558,3.407,0.158,-0.0196,swarm_32_5.pdb
top_659_A,A,top_659_B,B,3.12,-2.81,-7.7624,-8.32,-2.92,-3.298,-23.496,4.038,0.55,0.0082,swarm_44_176.pdb
top_660_A,A,top_660_B,B,0.54,-2.47,-5.407,5.02,3.18,-0.594,-11.216,0.856,1.02,-0.055,swarm_30_67.pdb
top_661_A,A,top_661_B,B,0.82,-2.79,-6.9561,-28.68,-16.55,-13.158,-10.868,-2.636,1.707,0.023,swarm_55_174.pdb
top_662_A,A,top_662_B,B,2.02,-4.7,-7.1003,-17.54,-11.24,-13.899,-27.641,-0.562,1.208,-0.0201,swarm_53_14.pdb
top_663_A,A,top_663_B,B,2.44,-3.34,-5.8503,-11.87,-5.69,-2.88,-14.83,-0.788,-0.043,-0.0132,swarm_76_188.pdb
top_664_A,A,top_664_B,B,1.88,-3.6,-5.8056,-16.21,-2.58,-4.244,-9.793,-3.269,-0.006,-0.0312,swarm_39_118.pdb
top_665_A,A,top_665_B,B,0.84,-2.86,-5.3377,-0.7,-1.62,1.951,-6.228,2.537,1.559,0.0134,swarm_14_35.pdb
top_666_A,A,top_666_B,B,4.2,-3.11,-5.6247,4.58,7.59,-5.079,-13.77,-4.225,-3.495,0.01,swarm_74_137.pdb
top_667_A,A,top_667_B,B,2.34,-4.92,-5.9281,-2.86,12.8,3.153,-13.316,2.719,-0.925,0.0349,swarm_18_20.pdb
top_668_A,A,top_668_B,B,2.32,-4.23,-6.3391,-27.82,-16.58,-9.959,-7.235,-6.526,2.046,-0.0452,swarm_3_25.pdb
top_669_A,A,top_669_B,B,1.0,-2.86,-5.9642,1.73,-1.0,3.661,-18.359,11.145,0.481,0.0736,swarm_43_52.pdb
top_670_A,A,top_670_B,B,2.32,-4.48,-7.4697,-3.1,-4.44,-2.595,-19.083,-4.465,-0.168,-0.0217,swarm_24_161.pdb
top_671_A,A,top_671_B,B,1.02,-8.23,-12.1295,44.09,42.99,0.77,91.117,9.905,-2.101,0.0366,swarm_36_137.pdb
top_672_A,A,top_672_B,B,0.82,-2.41,-5.28,0.93,11.72,-9.187,0.111,-2.993,0.772,-0.0012,swarm_82_31.pdb
top_673_A,A,top_673_B,B,-0.74,-4.45,-6.1431,-26.6,-8.1,0.842,-9.871,-4.736,1.257,-0.0716,swarm_36_165.pdb
top_674_A,A,top_674_B,B,1.94,-5.21,-7.8724,-40.49,-11.59,-5.125,-14.345,-3.973,0.036,-0.0511,swarm_36_19.pdb
top_675_A,A,top_675_B,B,1.8,-2.99,-5.7157,-2.16,-3.42,-0.236,-12.972,-3.202,2.258,0.0105,swarm_39_117.pdb
top_676_A,A,top_676_B,B,1.64,-3.99,-6.0094,-4.43,2.91,1.423,-16.101,6.744,-0.247,-0.0171,swarm_27_187.pdb
top_677_A,A,top_677_B,B,0.32,-2.56,-5.8269,-11.75,-6.94,0.462,-11.859,-1.199,2.847,0.0938,swarm_3_60.pdb
top_678_A,A,top_678_B,B,1.02,-8.35,-11.1392,49.76,32.4,-2.752,59.205,3.603,5.273,-0.0001,swarm_43_111.pdb
top_679_A,A,top_679_B,B,3.68,-5.36,-6.9307,10.67,16.8,-1.399,4.512,-1.365,0.972,0.0255,swarm_68_125.pdb
top_680_A,A,top_680_B,B,-5.22,-7.14,-12.1516,40.2,43.95,-6.965,126.141,-9.341,5.103,-0.0896,swarm_79_132.pdb
top_681_A,A,top_681_B,B,0.32,-2.71,-3.9635,-30.04,-12.37,-0.703,-6.769,-3.88,1.669,-0.0574,swarm_18_155.pdb
top_682_A,A,top_682_B,B,0.96,-3.43,-6.9655,-0.12,0.68,-6.246,-25.35,4.787,0.234,0.0453,swarm_29_24.pdb
top_683_A,A,top_683_B,B,3.44,-0.72,-4.721,41.43,38.59,-1.559,34.994,6.624,-1.605,0.0263,swarm_14_120.pdb
top_684_A,A,top_684_B,B,1.52,-4.07,-5.8614,-3.25,4.17,-1.271,-13.148,-2.099,0.869,0.0361,swarm_61_57.pdb
top_685_A,A,top_685_B,B,3.76,-5.19,-8.6671,-10.88,-1.32,-3.004,10.875,-7.931,3.341,0.0156,swarm_1_81.pdb
top_686_A,A,top_686_B,B,2.44,-4.16,-6.049,-12.48,-2.34,-8.852,-19.262,-9.209,0.617,0.0119,swarm_26_196.pdb
top_687_A,A,top_687_B,B,-5.9,-10.32,-16.7558,83.11,49.59,-9.929,171.861,-15.907,6.717,-0.128,swarm_37_14.pdb
top_688_A,A,top_688_B,B,4.38,-1.79,-4.9825,1.28,-1.89,-7.877,-11.449,-0.286,-1.604,0.0033,swarm_60_74.pdb
top_689_A,A,top_689_B,B,5.38,-4.15,-6.3968,10.88,9.94,-5.82,-2.293,1.109,0.504,0.0328,swarm_14_46.pdb
top_690_A,A,top_690_B,B,5.74,-3.19,-5.8163,8.74,6.02,-1.168,-12.863,1.2,1.101,0.0605,swarm_64_26.pdb
top_691_A,A,top_691_B,B,2.42,-4.99,-6.9836,-7.88,1.57,-2.268,-0.869,-0.834,0.939,-0.0215,swarm_39_9.pdb
top_692_A,A,top_692_B,B,0.24,-2.82,-4.5265,-10.31,-5.14,-0.481,-7.568,-0.228,1.637,-0.0409,swarm_7_38.pdb
top_693_A,A,top_693_B,B,2.84,-4.42,-5.1661,-5.3,0.61,-7.56,-16.057,-6.405,-0.357,-0.0114,swarm_55_6.pdb
top_694_A,A,top_694_B,B,2.46,-3.91,-6.0964,-4.2,-1.01,-20.102,-22.664,-11.766,0.882,0.06,swarm_55_70.pdb
top_695_A,A,top_695_B,B,1.38,-2.71,-5.278,16.78,14.94,-1.056,-5.833,3.175,2.902,0.0055,swarm_10_125.pdb
top_696_A,A,top_696_B,B,2.26,-8.82,-14.4572,33.85,47.84,3.8,61.001,15.848,2.721,-0.0069,swarm_50_113.pdb
top_697_A,A,top_697_B,B,-1.88,-3.48,-5.078,-3.2,-0.36,-4.42,-4.102,-7.137,2.383,0.0036,swarm_11_150.pdb
top_698_A,A,top_698_B,B,1.8,-4.56,-5.9387,-0.26,5.57,-4.245,13.101,1.569,-2.337,0.01,swarm_78_32.pdb
top_699_A,A,top_699_B,B,-0.4,-5.0,-6.3852,-4.98,-5.19,-6.514,13.194,-15.416,2.374,0.0031,swarm_18_95.pdb
top_700_A,A,top_700_B,B,0.76,-3.02,-5.6295,-11.93,-9.37,-1.458,-15.965,-6.98,-0.312,-0.0659,swarm_58_107.pdb
top_701_A,A,top_701_B,B,1.64,-2.51,-6.0971,-9.81,-7.44,-7.852,-18.271,-1.713,-1.155,-0.0393,swarm_57_154.pdb
top_702_A,A,top_702_B,B,-5.3,-2.39,-7.8501,86.0,56.65,-7.095,108.124,1.82,-1.183,0.125,swarm_34_52.pdb
top_703_A,A,top_703_B,B,2.0,-0.92,-6.8854,37.02,34.68,-2.617,47.56,3.282,0.781,0.0554,swarm_58_39.pdb
top_704_A,A,top_704_B,B,1.8,-1.83,-4.6826,-14.24,1.73,-0.654,-6.034,2.223,1.951,0.0098,swarm_53_26.pdb
top_705_A,A,top_705_B,B,-2.18,-2.95,-5.1729,-16.73,-6.5,-1.354,-11.306,-11.487,1.681,-0.0339,swarm_1_7.pdb
top_706_A,A,top_706_B,B,0.28,-2.37,-5.3258,-14.46,-11.08,-4.027,-13.66,-0.361,1.348,-0.0255,swarm_10_44.pdb
top_707_A,A,top_707_B,B,1.46,-3.13,-8.1587,56.01,40.75,-3.225,9.721,-3.443,-2.324,-0.0332,swarm_60_104.pdb
top_708_A,A,top_708_B,B,1.2,-0.59,-4.5515,-12.63,-4.28,-3.624,-5.268,6.265,-1.21,0.0363,swarm_42_183.pdb
top_709_A,A,top_709_B,B,1.96,-4.06,-7.3889,11.49,12.0,-1.933,4.995,3.873,1.066,0.0052,swarm_41_64.pdb
top_710_A,A,top_710_B,B,1.66,-3.07,-7.6142,-5.26,-1.97,-7.763,-23.605,1.286,-0.837,0.0124,swarm_72_18.pdb
top_711_A,A,top_711_B,B,0.92,-1.23,-4.1566,2.72,0.11,-0.627,-8.216,3.843,1.191,0.0277,swarm_60_179.pdb
top_712_A,A,top_712_B,B,2.74,-2.9,-5.1612,-6.51,-1.19,-4.057,-17.203,1.212,0.929,-0.0503,swarm_1_41.pdb
top_713_A,A,top_713_B,B,0.32,-0.9,-4.822,12.88,5.69,-5.783,-11.881,-3.187,-0.604,0.0006,swarm_83_92.pdb
top_714_A,A,top_714_B,B,1.08,-3.79,-5.3983,-12.31,-1.3,-6.571,-8.893,-3.897,-1.06,-0.0515,swarm_1_159.pdb
top_715_A,A,top_715_B,B,-0.88,-5.7,-9.4402,17.03,17.04,-5.562,62.399,-3.624,0.773,-0.0403,swarm_8_43.pdb
top_716_A,A,top_716_B,B,2.76,-3.44,-4.9289,13.79,10.25,-7.565,-13.233,-5.107,-1.908,0.047,swarm_44_91.pdb
top_717_A,A,top_717_B,B,3.98,-2.27,-4.855,-16.1,-3.86,-5.039,-12.293,0.128,0.87,-0.0139,swarm_39_41.pdb
top_718_A,A,top_718_B,B,2.48,-2.9,-7.3045,-5.34,4.57,1.551,-18.569,10.77,0.157,0.0209,swarm_36_105.pdb
top_719_A,A,top_719_B,B,0.42,-3.8,-6.1889,-9.43,3.19,-2.611,-3.95,-12.095,1.699,-0.0485,swarm_7_149.pdb
top_720_A,A,top_720_B,B,2.58,-3.27,-5.4195,-2.91,-5.54,-3.377,-15.655,-1.778,0.326,-0.0137,swarm_71_193.pdb
top_721_A,A,top_721_B,B,2.12,-6.12,-8.9224,3.39,11.63,-1.191,24.405,-0.823,1.807,0.1235,swarm_71_47.pdb
top_722_A,A,top_722_B,B,2.42,-1.82,-3.9957,11.56,10.57,1.487,-4.995,7.036,-0.751,0.0456,swarm_38_92.pdb
top_723_A,A,top_723_B,B,3.08,-1.64,-4.2307,-0.03,0.03,-8.009,-16.448,-4.187,1.454,0.0181,swarm_43_152.pdb
top_724_A,A,top_724_B,B,1.38,0.71,-3.0302,14.96,7.73,-0.064,1.293,5.77,0.614,-0.0955,swarm_1_53.pdb
top_725_A,A,top_725_B,B,1.08,-4.19,-6.2496,-13.2,-5.79,-5.09,-16.947,-7.604,1.862,0.0074,swarm_10_103.pdb
top_726_A,A,top_726_B,B,0.7,-1.47,-3.4485,-10.54,-5.48,1.476,-6.463,-1.208,0.673,0.0181,swarm_48_152.pdb
top_727_A,A,top_727_B,B,1.08,-7.58,-10.8152,-12.16,-7.7,-2.742,1.147,-12.505,1.347,-0.0005,swarm_14_90.pdb
top_728_A,A,top_728_B,B,0.52,-3.06,-4.2441,-4.02,-0.43,-0.693,-8.588,-0.844,0.794,-0.0431,swarm_1_34.pdb
top_729_A,A,top_729_B,B,1.16,-4.82,-8.1532,-10.08,7.61,-2.836,-16.485,-6.25,2.255,-0.0561,swarm_38_69.pdb
top_730_A,A,top_730_B,B,2.4,-6.36,-9.5982,30.61,33.16,-2.49,50.443,3.382,1.308,-0.0486,swarm_11_85.pdb
top_731_A,A,top_731_B,B,2.14,-1.33,-6.3688,62.59,58.01,-1.652,68.919,4.401,-2.568,0.2217,swarm_33_32.pdb
top_732_A,A,top_732_B,B,1.72,-5.96,-8.6244,8.45,-13.76,-1.499,-5.891,3.062,0.95,0.0178,swarm_26_137.pdb
top_733_A,A,top_733_B,B,0.24,0.54,-2.0789,-7.62,-1.91,-0.305,-5.215,3.46,0.176,0.0128,swarm_24_90.pdb
top_734_A,A,top_734_B,B,3.18,-1.04,-5.4267,3.99,6.14,-5.905,-18.232,7.59,0.281,-0.0333,swarm_58_143.pdb
top_735_A,A,top_735_B,B,2.58,-3.94,-7.6305,13.73,9.87,-4.68,0.65,1.046,1.248,0.0881,swarm_44_115.pdb
top_736_A,A,top_736_B,B,-0.28,-5.99,-10.5245,107.91,94.94,0.234,171.872,9.048,3.189,0.2245,swarm_74_21.pdb
top_737_A,A,top_737_B,B,2.5,-7.68,-12.998,26.78,31.67,3.202,23.782,5.431,-2.229,0.1444,swarm_38_48.pdb
top_738_A,A,top_738_B,B,4.8,-5.47,-8.4362,1.84,-1.54,-7.305,-8.071,0.428,1.739,0.0098,swarm_5_105.pdb
top_739_A,A,top_739_B,B,-2.3,-2.53,-9.6538,89.06,62.32,-5.215,139.173,6.975,2.827,-0.0311,swarm_36_33.pdb
top_740_A,A,top_740_B,B,1.46,-2.21,-6.0249,35.38,21.34,-6.456,33.537,-1.638,2.122,0.0103,swarm_36_36.pdb
top_741_A,A,top_741_B,B,2.32,-6.79,-11.5306,21.03,14.55,-2.221,68.371,4.803,1.168,-0.0608,swarm_76_74.pdb
top_742_A,A,top_742_B,B,1.02,-9.8,-14.3702,116.29,87.52,-4.534,188.331,-3.843,-1.201,0.1576,swarm_55_67.pdb
top_743_A,A,top_743_B,B,5.2,-4.54,-9.6331,61.86,55.17,-2.78,64.939,1.911,-1.419,0.0299,swarm_36_101.pdb
top_744_A,A,top_744_B,B,1.0,0.67,-6.0682,46.81,43.73,-18.254,107.567,0.213,0.292,-0.0046,swarm_36_110.pdb
top_745_A,A,top_745_B,B,-0.74,-8.89,-14.4703,77.92,104.06,-4.586,227.404,5.602,2.967,0.0278,swarm_73_99.pdb
top_746_A,A,top_746_B,B,-1.22,-7.89,-15.3642,74.24,78.78,-4.53,138.988,3.064,0.491,0.0112,swarm_36_123.pdb
top_747_A,A,top_747_B,B,-24.14,-11.9,-18.978,112.04,101.67,-10.306,387.481,3.444,16.898,-0.2053,swarm_66_113.pdb
top_748_A,A,top_748_B,B,1.26,-2.3,-3.9852,8.7,14.68,-3.739,58.805,-6.068,4.093,-0.0439,swarm_80_83.pdb
top_749_A,A,top_749_B,B,-7.5,-4.5,-9.9725,64.3,43.48,-5.879,150.103,-15.533,7.433,-0.0845,swarm_29_190.pdb
top_750_A,A,top_750_B,B,-13.92,-5.26,-14.2879,113.52,79.33,-6.669,216.31,-13.078,10.319,-0.0541,swarm_9_160.pdb
top_751_A,A,top_751_B,B,-0.44,-5.26,-8.9348,40.11,54.82,-0.116,196.186,10.963,4.664,0.0512,swarm_73_199.pdb
top_752_A,A,top_752_B,B,1.72,-8.27,-14.305,-7.49,-25.44,-4.739,-20.318,-1.832,1.618,-0.0284,swarm_8_192.pdb
top_753_A,A,top_753_B,B,4.84,-7.95,-9.2332,22.76,7.52,-0.678,-14.708,3.867,-0.599,0.0142,swarm_39_17.pdb
top_754_A,A,top_754_B,B,3.4,0.99,-6.7872,142.9,90.01,-10.477,180.849,10.587,-2.857,0.1586,swarm_51_95.pdb
top_755_A,A,top_755_B,B,4.32,-6.81,-9.9028,44.78,23.96,-14.167,72.311,-6.55,2.942,0.0755,swarm_16_174.pdb
top_756_A,A,top_756_B,B,4.58,-1.93,-7.7292,126.81,83.15,-14.676,194.877,11.9,-9.657,0.0257,swarm_12_72.pdb
top_757_A,A,top_757_B,B,1.54,-1.94,-6.3707,38.21,22.01,-6.081,6.325,-1.632,-0.027,0.1064,swarm_44_11.pdb
top_758_A,A,top_758_B,B,2.94,3.78,-5.3712,160.42,114.14,-5.245,211.373,15.335,-2.157,0.1234,swarm_64_72.pdb
top_759_A,A,top_759_B,B,4.76,2.27,-6.8068,212.3,138.48,-12.355,261.846,13.719,0.39,0.1685,swarm_40_116.pdb
top_760_A,A,top_760_B,B,-9.28,-4.94,-12.2088,127.95,102.35,-16.539,276.249,-10.381,9.832,-0.1561,swarm_77_18.pdb
top_761_A,A,top_761_B,B,6.54,6.94,-2.3384,188.85,120.19,-2.12,274.15,31.896,-5.157,0.3399,swarm_64_40.pdb
top_762_A,A,top_762_B,B,-9.98,-8.18,-12.1165,129.93,86.27,-15.883,291.838,10.658,4.27,-0.2382,swarm_23_104.pdb
top_763_A,A,top_763_B,B,-12.24,-9.73,-19.0336,136.44,105.78,-13.142,386.772,2.676,7.63,-0.07,swarm_15_55.pdb
top_764_A,A,top_764_B,B,-4.68,-3.34,-12.9614,204.22,152.14,-19.297,372.978,-2.694,3.841,0.0244,swarm_10_9.pdb
top_765_A,A,top_765_B,B,-0.82,1.03,-5.1097,109.17,87.68,-8.849,153.755,0.889,6.585,0.0189,swarm_77_117.pdb
top_766_A,A,top_766_B,B,3.16,-1.29,-10.1314,163.03,125.97,-12.915,277.415,10.866,-2.242,0.1655,swarm_76_194.pdb
top_767_A,A,top_767_B,B,8.5,-1.74,-9.2148,130.61,101.73,-9.412,295.113,20.785,-0.784,0.1125,swarm_7_75.pdb
top_768_A,A,top_768_B,B,3.32,2.17,-7.8905,215.7,140.85,-20.036,328.021,18.074,-8.395,0.3033,swarm_14_71.pdb
top_769_A,A,top_769_B,B,-4.02,-0.39,-10.543,155.98,107.23,-8.785,299.747,18.274,-1.013,0.1329,swarm_16_179.pdb
top_770_A,A,top_770_B,B,-21.06,-7.95,-13.3193,233.99,165.68,-7.632,521.669,35.72,14.851,-0.0744,swarm_43_102.pdb
top_771_A,A,top_771_B,B,-3.22,3.98,-7.8376,208.61,140.46,-18.152,342.514,-2.69,5.279,0.14,swarm_17_20.pdb
top_772_A,A,top_772_B,B,12.62,-2.54,-6.5433,146.34,87.57,-6.336,259.371,25.247,1.78,-0.0629,swarm_71_157.pdb
top_773_A,A,top_773_B,B,-10.72,0.61,-7.8649,220.09,150.76,-6.329,344.002,16.561,7.828,-0.1188,swarm_70_1.pdb
top_774_A,A,top_774_B,B,6.32,4.16,-3.4228,252.85,147.29,-17.275,251.864,2.701,-2.229,0.3468,swarm_55_22.pdb
top_775_A,A,top_775_B,B,7.68,6.3,-4.3751,248.99,155.11,-19.965,336.586,29.212,-9.363,0.1548,swarm_81_114.pdb
top_776_A,A,top_776_B,B,12.66,-2.82,-10.7192,206.77,123.88,0.119,315.715,38.352,-4.451,0.2614,swarm_75_15.pdb
top_777_A,A,top_777_B,B,8.02,-2.48,-7.6415,193.88,123.61,-5.531,311.704,25.638,-2.231,0.3032,swarm_0_43.pdb
top_778_A,A,top_778_B,B,3.52,4.14,-4.3612,298.18,215.79,-18.348,448.686,28.188,-10.303,0.1947,swarm_83_104.pdb
top_779_A,A,top_779_B,B,7.68,-2.78,-7.5979,196.62,153.26,-2.654,332.659,28.295,-5.853,0.2336,swarm_41_16.pdb
top_780_A,A,top_780_B,B,-5.04,0.3,-12.893,239.21,161.15,-22.895,364.059,16.48,0.786,-0.0869,swarm_71_32.pdb
top_781_A,A,top_781_B,B,2.88,7.11,-2.9793,307.38,201.88,-8.661,470.189,44.376,-9.561,0.1783,swarm_78_107.pdb
top_782_A,A,top_782_B,B,10.74,2.94,-6.1512,348.48,243.94,-24.248,382.071,20.604,2.608,0.3501,swarm_25_7.pdb
top_783_A,A,top_783_B,B,0.2,-0.71,-7.6108,262.41,162.89,-11.599,582.928,52.955,0.299,0.1177,swarm_36_46.pdb
top_784_A,A,top_784_B,B,-5.68,3.88,-7.0209,266.28,208.21,-2.432,380.249,22.265,10.121,0.2584,swarm_77_25.pdb
top_785_A,A,top_785_B,B,-5.94,5.16,-8.5171,237.19,172.74,1.381,401.037,30.244,6.049,0.4293,swarm_36_77.pdb
top_786_A,A,top_786_B,B,-10.54,5.84,-7.86,394.63,270.45,-14.527,601.96,44.353,1.481,0.3346,swarm_63_194.pdb
top_787_A,A,top_787_B,B,2.7,12.52,-3.0624,249.67,160.98,-5.451,307.104,41.39,-3.406,0.1518,swarm_24_187.pdb
top_788_A,A,top_788_B,B,3.8,-1.17,-12.1458,370.51,240.35,-23.979,544.85,26.276,-3.388,0.0798,swarm_13_74.pdb
top_789_A,A,top_789_B,B,4.98,6.99,-7.8158,379.41,250.25,-17.593,420.479,30.328,0.803,0.3184,swarm_61_182.pdb
top_790_A,A,top_790_B,B,-16.3,3.05,-5.5072,222.58,183.34,-8.929,447.004,25.529,12.513,-0.2133,swarm_27_66.pdb
top_791_A,A,top_791_B,B,4.62,12.55,-3.0162,469.57,300.14,-17.853,689.431,58.361,-10.246,0.2491,swarm_56_26.pdb
top_792_A,A,top_792_B,B,-16.2,-1.36,-15.2053,404.28,294.1,-7.714,850.882,61.215,8.252,0.1401,swarm_9_163.pdb
top_793_A,A,top_793_B,B,-1.64,7.04,-5.9646,363.07,260.17,-30.793,632.328,25.632,-2.096,-0.0706,swarm_51_40.pdb
top_794_A,A,top_794_B,B,-8.34,17.74,-4.0994,628.49,351.52,4.813,1106.796,115.741,0.404,0.3429,swarm_20_183.pdb
top_795_A,A,top_795_B,B,-8.04,13.77,-3.5093,420.57,322.35,-38.092,886.221,45.595,9.271,0.192,swarm_28_129.pdb
top_796_A,A,top_796_B,B,-28.42,13.12,-5.235,725.24,443.5,-19.008,1185.932,86.001,1.805,0.0299,swarm_34_130.pdb
top_797_A,A,top_797_B,B,-35.68,11.23,-6.9429,622.84,464.63,-28.277,1078.898,70.456,27.086,0.0069,swarm_84_21.pdb
top_798_A,A,top_798_B,B,7.72,14.48,2.3747,392.33,282.24,-5.972,756.532,68.279,-6.732,0.453,swarm_51_185.pdb
top_799_A,A,top_799_B,B,-13.12,10.29,-5.6771,535.72,324.9,-30.968,876.618,56.039,9.899,-0.116,swarm_66_66.pdb
top_800_A,A,top_800_B,B,-14.58,17.4,-3.1537,617.93,436.93,-30.846,1081.331,63.764,2.817,0.1689,swarm_60_39.pdb
top_801_A,A,top_801_B,B,-3.5,20.4,0.4492,588.02,417.57,-4.238,1034.931,96.92,-2.943,0.3386,swarm_38_99.pdb
top_802_A,A,top_802_B,B,-11.64,13.54,-8.3401,514.9,371.07,-26.66,800.698,37.741,2.593,0.4217,swarm_0_181.pdb
top_803_A,A,top_803_B,B,8.32,26.76,8.1666,637.77,452.14,-23.204,1031.964,86.859,-16.178,0.6003,swarm_44_187.pdb
top_804_A,A,top_804_B,B,-9.08,22.77,4.8337,777.99,515.87,-37.517,1154.508,77.508,-2.91,0.1407,swarm_48_62.pdb
top_805_A,A,top_805_B,B,-7.58,28.74,5.5826,735.68,534.3,-21.777,1449.533,135.11,-9.234,0.302,swarm_64_75.pdb
top_806_A,A,top_806_B,B,-14.12,38.68,10.7934,813.5,569.0,-22.557,1468.736,119.669,3.784,0.5047,swarm_22_69.pdb
top_807_A,A,top_807_B,B,-16.52,50.56,23.4397,1155.41,722.37,-27.095,1699.806,134.876,0.961,0.3585,swarm_24_30.pdb
top_808_A,A,top_808_B,B,-14.08,43.05,16.9213,1212.39,797.18,-46.726,2139.758,175.47,-12.272,0.2723,swarm_36_30.pdb
